date,num,samai,g_num,avg,series
2025-04-23,1090,-5100,7218,147,ghoul
2025-04-23,1091,3100,6077,98,ghoul
2025-04-23,1092,-4863,7312,149,ghoul
2025-04-23,1093,1737,8120,127,ghoul
2025-04-23,1094,7150,8121,114,ghoul
2025-04-23,1095,-3601,9615,125,ghoul
2025-04-23,1096,12395,8785,94,ghoul
2025-04-23,1097,-25,7499,123,ghoul
2025-04-23,1098,-2642,7183,144,ghoul
2025-04-23,1099,6100,7592,115,ghoul
2025-04-23,1100,2925,7367,97,ghoul
2025-04-23,1101,-2026,7633,134,ghoul
2025-04-24,1090,3208,7480,121,ghoul
2025-04-24,1091,-3000,7515,147,ghoul
2025-04-24,1092,916,7937,137,ghoul
2025-04-24,1093,10775,8719,103,ghoul
2025-04-24,1094,2816,7971,106,ghoul
2025-04-24,1095,6300,7573,100,ghoul
2025-04-24,1096,3366,7645,156,ghoul
2025-04-24,1097,-1651,7272,121,ghoul
2025-04-24,1098,3337,8557,98,ghoul
2025-04-24,1099,2787,6790,151,ghoul
2025-04-24,1100,2362,7244,142,ghoul
2025-04-24,1101,558,7440,128,ghoul
2025-04-25,1090,5000,8204,114,ghoul
2025-04-25,1091,-1350,7576,128,ghoul
2025-04-25,1092,-6117,8001,157,ghoul
2025-04-25,1093,1325,7207,113,ghoul
2025-04-25,1094,2708,7847,127,ghoul
2025-04-25,1095,-4088,8265,133,ghoul
2025-04-25,1096,-1017,8791,127,ghoul
2025-04-25,1097,-7417,8095,176,ghoul
2025-04-25,1098,-3484,6461,158,ghoul
2025-04-25,1099,-2950,7939,124,ghoul
2025-04-25,1100,-3700,6948,136,ghoul
2025-04-25,1101,-1725,9085,121,ghoul
2025-04-26,1090,-2650,7467,146,ghoul
2025-04-26,1091,-4225,8123,150,ghoul
2025-04-26,1092,1950,7659,111,ghoul
2025-04-26,1093,6283,8673,110,ghoul
2025-04-26,1094,2750,8455,124,ghoul
2025-04-26,1095,-871,6941,122,ghoul
2025-04-26,1096,-5775,8213,171,ghoul
2025-04-26,1097,1533,8780,131,ghoul
2025-04-26,1098,5983,8444,121,ghoul
2025-04-26,1099,-6467,8086,184,ghoul
2025-04-26,1100,3191,7173,120,ghoul
2025-04-26,1101,-4700,6527,142,ghoul
2025-04-27,1090,-1271,7316,116,ghoul
2025-04-27,1091,3491,7409,100,ghoul
2025-04-27,1092,-1175,7851,145,ghoul
2025-04-27,1093,-550,7356,123,ghoul
2025-04-27,1094,3875,8068,109,ghoul
2025-04-27,1095,366,7882,123,ghoul
2025-04-27,1096,-1809,6654,117,ghoul
2025-04-27,1097,10500,8715,79,ghoul
2025-04-27,1098,4875,9090,125,ghoul
2025-04-27,1099,2125,7443,126,ghoul
2025-04-27,1100,-317,5977,153,ghoul
2025-04-27,1101,-863,8536,164,ghoul
2025-04-28,1090,12775,7602,88,ghoul
2025-04-28,1091,1475,7324,128,ghoul
2025-04-28,1092,1425,8340,126,ghoul
2025-04-28,1093,-3734,7542,142,ghoul
2025-04-28,1094,-6634,8335,174,ghoul
2025-04-28,1095,4975,7481,104,ghoul
2025-04-28,1096,-6784,9133,157,ghoul
2025-04-28,1097,-2367,7312,135,ghoul
2025-04-28,1098,-3359,8343,160,ghoul
2025-04-28,1099,-5275,7223,172,ghoul
2025-04-28,1100,-4550,8816,147,ghoul
2025-04-28,1101,775,8134,129,ghoul
2025-04-29,1090,-4550,7098,154,ghoul
2025-04-29,1091,-4013,6898,164,ghoul
2025-04-29,1092,-3250,6162,167,ghoul
2025-04-29,1093,-5975,7844,145,ghoul
2025-04-29,1094,6683,7557,104,ghoul
2025-04-29,1095,-5475,7709,140,ghoul
2025-04-29,1096,-7034,7980,160,ghoul
2025-04-29,1097,-2750,6399,145,ghoul
2025-04-29,1098,-800,7664,118,ghoul
2025-04-29,1099,5112,7140,92,ghoul
2025-04-29,1100,2241,8740,117,ghoul
2025-04-29,1101,-2184,6649,121,ghoul
2025-04-30,1090,-592,7032,117,ghoul
2025-04-30,1091,2025,6522,119,ghoul
2025-04-30,1092,-3367,7808,139,ghoul
2025-04-30,1093,308,7810,110,ghoul
2025-04-30,1094,-2584,7278,130,ghoul
2025-04-30,1095,3700,7174,128,ghoul
2025-04-30,1096,4683,6732,116,ghoul
2025-04-30,1097,-1926,7071,136,ghoul
2025-04-30,1098,4412,6241,122,ghoul
2025-04-30,1099,3325,7191,100,ghoul
2025-04-30,1100,-1084,5284,135,ghoul
2025-04-30,1101,-1600,8952,112,ghoul
2025-05-01,1090,-3717,7372,164,ghoul
2025-05-01,1091,-75,7456,138,ghoul
2025-05-01,1092,5354,7759,105,ghoul
2025-05-01,1093,-3542,6895,133,ghoul
2025-05-01,1094,-675,8100,131,ghoul
2025-05-01,1095,3737,8178,115,ghoul
2025-05-01,1096,137,8246,111,ghoul
2025-05-01,1097,-3600,7872,131,ghoul
2025-05-01,1098,-2001,8008,136,ghoul
2025-05-01,1099,508,8223,123,ghoul
2025-05-01,1100,-384,7720,127,ghoul
2025-05-01,1101,-3317,9145,125,ghoul
2025-05-02,1090,-5100,6872,153,ghoul
2025-05-02,1091,7866,8555,95,ghoul
2025-05-02,1092,-7484,8776,157,ghoul
2025-05-02,1093,-567,7452,113,ghoul
2025-05-02,1094,-2367,8260,129,ghoul
2025-05-02,1095,-5100,8157,151,ghoul
2025-05-02,1096,-6317,7764,165,ghoul
2025-05-02,1097,2066,8328,111,ghoul
2025-05-02,1098,-7867,8014,186,ghoul
2025-05-02,1099,-4500,8367,147,ghoul
2025-05-02,1100,-1159,7890,120,ghoul
2025-05-02,1101,-2525,6166,167,ghoul
2025-05-03,1090,-592,8392,145,ghoul
2025-05-03,1091,-2634,7916,115,ghoul
2025-05-03,1092,-5588,7611,162,ghoul
2025-05-03,1093,-1317,7776,144,ghoul
2025-05-03,1094,-1942,6992,155,ghoul
2025-05-03,1095,10175,7842,97,ghoul
2025-05-03,1096,9775,7381,107,ghoul
2025-05-03,1097,-3088,7507,160,ghoul
2025-05-03,1098,191,7383,107,ghoul
2025-05-03,1099,3000,7849,103,ghoul
2025-05-03,1100,4137,8629,129,ghoul
2025-05-03,1101,-6050,7301,152,ghoul
2025-05-04,1090,50,7288,119,ghoul
2025-05-04,1091,-3917,6531,159,ghoul
2025-05-04,1092,8354,6814,96,ghoul
2025-05-04,1093,8958,6142,80,ghoul
2025-05-04,1094,2166,7691,137,ghoul
2025-05-04,1095,5416,7363,102,ghoul
2025-05-04,1096,-5800,7167,149,ghoul
2025-05-04,1097,1958,8218,130,ghoul
2025-05-04,1098,3583,7358,115,ghoul
2025-05-04,1099,-2800,7763,149,ghoul
2025-05-04,1100,-2700,8234,135,ghoul
2025-05-04,1101,2441,8258,140,ghoul
2025-05-05,1090,2625,8378,133,ghoul
2025-05-05,1091,2050,6777,126,ghoul
2025-05-05,1092,4037,4406,85,ghoul
2025-05-05,1093,-3326,7332,129,ghoul
2025-05-05,1094,7866,7316,105,ghoul
2025-05-05,1095,-4125,7582,143,ghoul
2025-05-05,1096,-1751,7959,142,ghoul
2025-05-05,1097,-584,7628,117,ghoul
2025-05-05,1098,-5063,7057,147,ghoul
2025-05-05,1099,6050,8058,117,ghoul
2025-05-05,1100,-476,8020,131,ghoul
2025-05-05,1101,2958,8737,137,ghoul
2025-05-06,1090,-2250,7342,133,ghoul
2025-05-06,1091,-3567,6167,150,ghoul
2025-05-06,1092,-5125,7712,164,ghoul
2025-05-06,1093,2062,7020,125,ghoul
2025-05-06,1094,-4188,7294,146,ghoul
2025-05-06,1095,2725,7793,113,ghoul
2025-05-06,1096,291,7370,147,ghoul
2025-05-06,1097,4775,7680,107,ghoul
2025-05-06,1098,308,7765,125,ghoul
2025-05-06,1099,-5613,6453,147,ghoul
2025-05-06,1100,2350,6987,125,ghoul
2025-05-06,1101,-663,7114,109,ghoul
2025-05-07,1090,1291,6646,155,ghoul
2025-05-07,1091,883,8271,110,ghoul
2025-05-07,1092,-2050,8312,141,ghoul
2025-05-07,1093,-4325,8015,141,ghoul
2025-05-07,1094,-2300,9106,125,ghoul
2025-05-07,1095,-6284,8983,145,ghoul
2025-05-07,1096,-8084,8610,154,ghoul
2025-05-07,1097,-7134,7601,173,ghoul
2025-05-07,1098,129,7066,107,ghoul
2025-05-07,1099,4475,8492,89,ghoul
2025-05-07,1100,4050,9428,116,ghoul
2025-05-07,1101,2933,9603,130,ghoul
2025-05-09,1090,-342,7757,119,ghoul
2025-05-09,1091,-1713,6950,126,ghoul
2025-05-09,1092,-4567,8887,143,ghoul
2025-05-09,1093,-1125,5835,119,ghoul
2025-05-09,1094,2458,7533,109,ghoul
2025-05-09,1095,-4488,8404,147,ghoul
2025-05-09,1096,10925,8288,105,ghoul
2025-05-09,1097,266,6604,150,ghoul
2025-05-09,1098,333,7381,97,ghoul
2025-05-09,1099,-4313,7412,154,ghoul
2025-05-09,1100,-4088,6832,152,ghoul
2025-05-09,1101,1187,7136,127,ghoul
2025-05-10,1090,2983,5950,104,ghoul
2025-05-10,1091,-5325,5607,160,ghoul
2025-05-10,1092,3416,8097,96,ghoul
2025-05-10,1093,-6634,7070,168,ghoul
2025-05-10,1094,1483,5480,119,ghoul
2025-05-10,1095,1066,5435,133,ghoul
2025-05-10,1096,2466,8129,123,ghoul
2025-05-10,1097,3837,8526,140,ghoul
2025-05-10,1098,3687,5721,84,ghoul
2025-05-10,1099,-3392,6832,131,ghoul
2025-05-10,1100,-3884,6691,149,ghoul
2025-05-10,1101,-34,6602,144,ghoul
2025-05-11,1090,-1809,7764,152,ghoul
2025-05-11,1091,8104,8045,81,ghoul
2025-05-11,1092,-2759,8669,140,ghoul
2025-05-11,1093,-100,6912,106,ghoul
2025-05-11,1094,-184,6659,155,ghoul
2025-05-11,1095,-5588,7928,155,ghoul
2025-05-11,1096,-5763,7499,179,ghoul
2025-05-11,1097,1725,8482,125,ghoul
2025-05-11,1098,800,7379,125,ghoul
2025-05-11,1099,14466,8891,81,ghoul
2025-05-11,1100,6816,8457,97,ghoul
2025-05-11,1101,4712,8254,96,ghoul
2025-05-12,1090,2866,4258,82,ghoul
2025-05-12,1091,5687,4399,83,ghoul
2025-05-12,1092,-1834,4770,140,ghoul
2025-05-12,1093,-2275,2910,153,ghoul
2025-05-12,1094,-2459,4361,128,ghoul
2025-05-12,1095,-2159,5999,143,ghoul
2025-05-12,1096,-2442,4779,145,ghoul
2025-05-12,1097,-271,3592,109,ghoul
2025-05-12,1098,-961,1566,157,ghoul
2025-05-12,1099,2258,3498,95,ghoul
2025-05-12,1100,3433,4231,106,ghoul
2025-05-12,1101,-3125,6631,154,ghoul
2025-05-13,1090,8500,5177,88,ghoul
2025-05-13,1091,5112,3153,96,ghoul
2025-05-13,1092,-5350,6499,151,ghoul
2025-05-13,1093,-796,4578,153,ghoul
2025-05-13,1094,4437,3918,119,ghoul
2025-05-13,1095,-3542,8067,142,ghoul
2025-05-13,1096,1733,5910,121,ghoul
2025-05-13,1097,-1859,5351,149,ghoul
2025-05-13,1098,4075,5479,114,ghoul
2025-05-13,1099,-2142,2428,221,ghoul
2025-05-13,1100,-417,4789,133,ghoul
2025-05-13,1101,-800,7821,133,ghoul
2025-05-14,1090,-1534,4848,156,ghoul
2025-05-14,1091,-3175,5690,154,ghoul
2025-05-14,1092,-67,7511,137,ghoul
2025-05-14,1093,-5125,6777,161,ghoul
2025-05-14,1094,13329,7933,82,ghoul
2025-05-14,1095,2375,8662,100,ghoul
2025-05-14,1096,-4088,7035,180,ghoul
2025-05-14,1097,-5175,8235,147,ghoul
2025-05-14,1098,-2017,6266,139,ghoul
2025-05-14,1099,-1142,2222,148,ghoul
2025-05-14,1100,-5363,6422,157,ghoul
2025-05-14,1101,66,6516,142,ghoul
2025-05-15,1090,-3175,7483,153,ghoul
2025-05-15,1091,858,6469,127,ghoul
2025-05-15,1092,908,6142,143,ghoul
2025-05-15,1093,-234,7931,124,ghoul
2025-05-15,1094,983,6165,114,ghoul
2025-05-15,1095,5987,7687,85,ghoul
2025-05-15,1096,3600,7199,112,ghoul
2025-05-15,1097,-1155,4983,111,ghoul
2025-05-15,1098,-1509,6545,136,ghoul
2025-05-15,1099,495,4447,106,ghoul
2025-05-15,1100,6400,4065,95,ghoul
2025-05-15,1101,-4825,6806,148,ghoul
2025-05-16,1090,3550,7065,102,ghoul
2025-05-16,1091,-1217,4361,182,ghoul
2025-05-16,1092,-1342,6767,121,ghoul
2025-05-16,1093,616,4312,139,ghoul
2025-05-16,1094,-251,7737,138,ghoul
2025-05-16,1095,966,6556,143,ghoul
2025-05-16,1096,2400,6215,93,ghoul
2025-05-16,1097,-3292,6348,155,ghoul
2025-05-16,1098,-5875,6784,154,ghoul
2025-05-16,1099,-501,4579,131,ghoul
2025-05-16,1100,2433,7647,97,ghoul
2025-05-16,1101,-934,8011,136,ghoul
2025-05-17,1090,-1092,8327,126,ghoul
2025-05-17,1091,-1467,6224,138,ghoul
2025-05-17,1092,-3225,7766,123,ghoul
2025-05-17,1093,-5113,6850,163,ghoul
2025-05-17,1094,75,8390,135,ghoul
2025-05-17,1095,2500,8958,132,ghoul
2025-05-17,1096,2937,7439,102,ghoul
2025-05-17,1097,5987,7269,98,ghoul
2025-05-17,1098,200,8726,103,ghoul
2025-05-17,1099,4212,7760,111,ghoul
2025-05-17,1100,-4525,6838,190,ghoul
2025-05-17,1101,3216,9075,123,ghoul
2025-05-18,1090,-1584,5647,134,ghoul
2025-05-18,1091,-675,7036,128,ghoul
2025-05-18,1092,7350,4227,78,ghoul
2025-05-18,1093,7875,6706,108,ghoul
2025-05-18,1094,-4750,6556,164,ghoul
2025-05-18,1095,-550,5184,130,ghoul
2025-05-18,1096,-159,4654,133,ghoul
2025-05-18,1097,-163,6814,106,ghoul
2025-05-18,1098,-4500,6464,138,ghoul
2025-05-18,1099,7812,5545,105,ghoul
2025-05-18,1100,3475,8406,105,ghoul
2025-05-18,1101,4062,6129,108,ghoul
2025-05-19,1090,-2934,7162,156,ghoul
2025-05-19,1091,-3559,5983,166,ghoul
2025-05-19,1092,-1642,6612,150,ghoul
2025-05-19,1093,1675,6827,108,ghoul
2025-05-19,1094,6400,8152,95,ghoul
2025-05-19,1095,3400,6160,123,ghoul
2025-05-19,1096,16,7325,131,ghoul
2025-05-19,1097,2600,7041,112,ghoul
2025-05-19,1098,13650,7524,87,ghoul
2025-05-19,1099,4800,7086,124,ghoul
2025-05-19,1100,2966,7981,117,ghoul
2025-05-19,1101,-1450,6773,125,ghoul
2025-05-20,1090,-3067,7867,123,ghoul
2025-05-20,1091,2166,7587,101,ghoul
2025-05-20,1092,641,8770,117,ghoul
2025-05-20,1093,9875,6755,81,ghoul
2025-05-20,1094,-5913,6543,177,ghoul
2025-05-20,1095,-3000,6614,132,ghoul
2025-05-20,1096,-4400,8264,212,ghoul
2025-05-20,1097,-4575,6427,153,ghoul
2025-05-20,1098,-3163,7576,155,ghoul
2025-05-20,1099,575,7938,144,ghoul
2025-05-20,1100,-2459,7929,139,ghoul
2025-05-20,1101,-4750,7812,153,ghoul
2025-05-21,1090,-2675,5972,139,ghoul
2025-05-21,1091,5516,8703,112,ghoul
2025-05-21,1092,-5188,6790,200,ghoul
2025-05-21,1093,100,3271,121,ghoul
2025-05-21,1094,-638,8489,113,ghoul
2025-05-21,1095,1100,6514,130,ghoul
2025-05-21,1096,11050,7273,90,ghoul
2025-05-21,1097,187,6334,124,ghoul
2025-05-21,1098,-3359,8138,160,ghoul
2025-05-21,1099,816,3598,144,ghoul
2025-05-21,1100,-2600,7505,136,ghoul
2025-05-21,1101,-6117,7023,185,ghoul
2025-05-22,1090,250,6937,128,ghoul
2025-05-22,1091,-2842,7665,150,ghoul
2025-05-22,1092,16612,8834,77,ghoul
2025-05-22,1093,2458,7308,120,ghoul
2025-05-22,1094,9437,8433,103,ghoul
2025-05-22,1095,-3367,7772,132,ghoul
2025-05-22,1096,-3334,6744,141,ghoul
2025-05-22,1097,-1638,5639,120,ghoul
2025-05-22,1098,-1509,6966,127,ghoul
2025-05-22,1099,-4050,4668,161,ghoul
2025-05-22,1100,-3451,6362,138,ghoul
2025-05-22,1101,6366,7568,93,ghoul
2025-05-23,1090,3037,7832,142,ghoul
2025-05-23,1091,-2184,7284,116,ghoul
2025-05-23,1092,-3050,7285,152,ghoul
2025-05-23,1093,7466,8255,77,ghoul
2025-05-23,1094,-5988,6856,180,ghoul
2025-05-23,1095,-1034,5825,139,ghoul
2025-05-23,1096,4062,7650,120,ghoul
2025-05-23,1097,725,7064,120,ghoul
2025-05-23,1098,2875,8196,112,ghoul
2025-05-23,1099,-2013,7440,138,ghoul
2025-05-23,1100,-359,7141,146,ghoul
2025-05-23,1101,550,6343,141,ghoul
2025-05-24,1090,-4288,7798,122,ghoul
2025-05-24,1091,425,6950,129,ghoul
2025-05-24,1092,-2834,9008,114,ghoul
2025-05-24,1093,-4838,7335,131,ghoul
2025-05-24,1094,-734,8024,111,ghoul
2025-05-24,1095,-2200,8995,134,ghoul
2025-05-24,1096,6100,7574,95,ghoul
2025-05-24,1097,-4325,8063,130,ghoul
2025-05-24,1098,-901,8053,136,ghoul
2025-05-24,1099,-4225,8123,156,ghoul
2025-05-24,1100,-1826,8025,143,ghoul
2025-05-24,1101,-3867,8286,127,ghoul
2025-05-25,1090,2550,7839,97,ghoul
2025-05-25,1091,-2759,7482,136,ghoul
2025-05-25,1092,3108,7584,102,ghoul
2025-05-25,1093,8145,8904,99,ghoul
2025-05-25,1094,-2309,7114,127,ghoul
2025-05-25,1095,-642,8061,124,ghoul
2025-05-25,1096,108,6629,127,ghoul
2025-05-25,1097,-1913,7768,134,ghoul
2025-05-25,1098,-775,7543,124,ghoul
2025-05-25,1099,6300,8946,98,ghoul
2025-05-25,1100,2758,7942,109,ghoul
2025-05-25,1101,-1876,7869,146,ghoul
2025-05-26,1090,6916,8261,97,ghoul
2025-05-26,1091,1183,7511,117,ghoul
2025-05-26,1092,-888,8999,127,ghoul
2025-05-26,1093,9395,7811,106,ghoul
2025-05-26,1094,8937,7863,88,ghoul
2025-05-26,1095,1450,5330,121,ghoul
2025-05-26,1096,7150,7931,113,ghoul
2025-05-26,1097,-1017,6865,99,ghoul
2025-05-26,1098,1466,6599,150,ghoul
2025-05-26,1099,-2192,8243,133,ghoul
2025-05-26,1100,1183,5587,164,ghoul
2025-05-26,1101,4837,7430,106,ghoul
2025-05-27,1090,13708,8558,116,ghoul
2025-05-27,1091,3075,7016,99,ghoul
2025-05-27,1092,-1596,7549,130,ghoul
2025-05-27,1093,1541,8127,103,ghoul
2025-05-27,1094,820,8399,133,ghoul
2025-05-27,1095,-1850,8991,138,ghoul
2025-05-27,1096,5604,8779,120,ghoul
2025-05-27,1097,5050,8858,108,ghoul
2025-05-27,1098,875,7660,134,ghoul
2025-05-27,1099,-2588,9190,113,ghoul
2025-05-27,1100,4437,7785,124,ghoul
2025-05-27,1101,3858,7126,105,ghoul
2025-05-28,1090,2958,4893,104,ghoul
2025-05-28,1091,-1751,7780,122,ghoul
2025-05-28,1092,2500,5039,120,ghoul
2025-05-28,1093,-3701,5112,146,ghoul
2025-05-28,1094,-767,6201,107,ghoul
2025-05-28,1095,-7601,7343,193,ghoul
2025-05-28,1096,-1275,6138,140,ghoul
2025-05-28,1097,-4250,7290,155,ghoul
2025-05-28,1098,2562,4213,120,ghoul
2025-05-28,1099,2362,7460,108,ghoul
2025-05-28,1100,-4500,4594,242,ghoul
2025-05-28,1101,4275,5518,120,ghoul
2025-05-29,1090,1475,7181,110,ghoul
2025-05-29,1091,-851,7212,147,ghoul
2025-05-29,1092,-5888,8125,163,ghoul
2025-05-29,1093,-2650,6659,155,ghoul
2025-05-29,1094,-6234,7767,169,ghoul
2025-05-29,1095,-325,7246,134,ghoul
2025-05-29,1096,6966,7263,115,ghoul
2025-05-29,1097,-6801,7011,189,ghoul
2025-05-29,1098,-8563,8003,195,ghoul
2025-05-29,1099,-6701,7336,159,ghoul
2025-05-29,1100,2708,8416,115,ghoul
2025-05-29,1101,4487,6725,120,ghoul
2025-05-30,1090,591,8454,154,ghoul
2025-05-30,1091,2433,7781,147,ghoul
2025-05-30,1092,10975,8495,83,ghoul
2025-05-30,1093,1362,8366,118,ghoul
2025-05-30,1094,-5200,7994,143,ghoul
2025-05-30,1095,4512,7233,125,ghoul
2025-05-30,1096,9145,8037,102,ghoul
2025-05-30,1097,1775,8540,102,ghoul
2025-05-30,1098,-4213,5904,148,ghoul
2025-05-30,1099,-6651,8530,167,ghoul
2025-05-30,1100,1025,8174,120,ghoul
2025-05-30,1101,450,7017,115,ghoul
2025-05-31,1090,2408,8022,129,ghoul
2025-05-31,1091,7683,8135,140,ghoul
2025-05-31,1092,-6434,7083,157,ghoul
2025-05-31,1093,-3034,5815,145,ghoul
2025-05-31,1094,-6501,7588,176,ghoul
2025-05-31,1095,-7984,7532,193,ghoul
2025-05-31,1096,2250,6785,123,ghoul
2025-05-31,1097,1212,7628,141,ghoul
2025-05-31,1098,4175,8355,116,ghoul
2025-05-31,1099,-2484,8004,121,ghoul
2025-05-31,1100,-3313,7574,143,ghoul
2025-05-31,1101,10075,7492,96,ghoul
2025-06-01,1090,2212,8018,98,ghoul
2025-06-01,1091,15966,7852,88,ghoul
2025-06-01,1092,-1259,8858,118,ghoul
2025-06-01,1093,1100,7599,119,ghoul
2025-06-01,1094,3800,7097,95,ghoul
2025-06-01,1095,15666,8819,80,ghoul
2025-06-01,1096,3858,7897,104,ghoul
2025-06-01,1097,-7817,9009,150,ghoul
2025-06-01,1098,4125,8641,98,ghoul
2025-06-01,1099,-1292,8818,128,ghoul
2025-06-01,1100,3475,7641,93,ghoul
2025-06-01,1101,295,7191,107,ghoul
2025-06-02,1090,-5500,7901,144,ghoul
2025-06-02,1091,-4588,7770,136,ghoul
2025-06-02,1092,2691,7033,121,ghoul
2025-06-02,1093,-6451,8359,137,ghoul
2025-06-02,1094,-2717,8544,126,ghoul
2025-06-02,1095,2541,7659,124,ghoul
2025-06-02,1096,-6250,8432,138,ghoul
2025-06-02,1097,5600,8569,96,ghoul
2025-06-02,1098,1350,7751,152,ghoul
2025-06-02,1099,1537,7522,111,ghoul
2025-06-02,1100,-1250,8648,137,ghoul
2025-06-02,1101,-6734,8285,176,ghoul
2025-06-03,1090,-42,7996,123,ghoul
2025-06-03,1091,-2667,7592,121,ghoul
2025-06-03,1092,-3426,7425,143,ghoul
2025-06-03,1093,33,7418,114,ghoul
2025-06-03,1094,-3617,6663,151,ghoul
2025-06-03,1095,-3675,7143,143,ghoul
2025-06-03,1096,-4438,8510,133,ghoul
2025-06-03,1097,6383,7233,100,ghoul
2025-06-03,1098,-1509,6923,138,ghoul
2025-06-03,1099,-3725,8720,138,ghoul
2025-06-03,1100,-480,6739,116,ghoul
2025-06-03,1101,4900,6898,128,ghoul
2025-06-04,1090,-3267,7538,145,ghoul
2025-06-04,1091,1825,7273,110,ghoul
2025-06-04,1092,812,7001,130,ghoul
2025-06-04,1093,1375,8942,121,ghoul
2025-06-04,1094,-6334,8501,160,ghoul
2025-06-04,1095,4350,7706,117,ghoul
2025-06-04,1096,-2900,7793,132,ghoul
2025-06-04,1097,3100,7879,114,ghoul
2025-06-04,1098,-4275,7202,133,ghoul
2025-06-04,1099,5983,5951,90,ghoul
2025-06-04,1100,-2350,8449,139,ghoul
2025-06-04,1101,-4775,8171,149,ghoul
2025-06-06,1090,5583,7930,132,ghoul
2025-06-06,1091,1475,7954,117,ghoul
2025-06-06,1092,2800,6201,144,ghoul
2025-06-06,1093,-1046,9045,135,ghoul
2025-06-06,1094,3775,8053,106,ghoul
2025-06-06,1095,-3734,7878,158,ghoul
2025-06-06,1096,-2559,9029,116,ghoul
2025-06-06,1097,-4613,7899,158,ghoul
2025-06-06,1098,-876,7781,114,ghoul
2025-06-06,1099,-6117,8345,139,ghoul
2025-06-06,1100,3200,7957,105,ghoul
2025-06-06,1101,-609,8702,132,ghoul
2025-06-07,1090,-6634,9010,170,ghoul
2025-06-07,1091,5300,7355,107,ghoul
2025-06-07,1092,-1325,8109,135,ghoul
2025-06-07,1093,-4325,7946,137,ghoul
2025-06-07,1094,-5663,6981,152,ghoul
2025-06-07,1095,2475,6887,96,ghoul
2025-06-07,1096,5966,7763,94,ghoul
2025-06-07,1097,8875,7427,109,ghoul
2025-06-07,1098,425,6986,109,ghoul
2025-06-07,1099,-2409,6217,127,ghoul
2025-06-07,1100,-1930,7063,120,ghoul
2025-06-07,1101,1862,9034,146,ghoul
2025-06-08,1090,9229,7456,94,ghoul
2025-06-08,1091,-4650,6628,144,ghoul
2025-06-08,1092,-4425,7088,173,ghoul
2025-06-08,1093,-4013,6141,128,ghoul
2025-06-08,1094,2991,5177,104,ghoul
2025-06-08,1095,-5388,6967,166,ghoul
2025-06-08,1096,-5363,5880,184,ghoul
2025-06-08,1097,-6584,7233,154,ghoul
2025-06-08,1098,-4000,6385,145,ghoul
2025-06-08,1099,-1342,8385,102,ghoul
2025-06-08,1100,-1109,7290,128,ghoul
2025-06-08,1101,-4488,7847,143,ghoul
2025-06-09,1090,-2150,6524,130,ghoul
2025-06-09,1091,-2617,4084,186,ghoul
2025-06-09,1092,-3613,6984,152,ghoul
2025-06-09,1093,-2026,6305,143,ghoul
2025-06-09,1094,1575,4783,114,ghoul
2025-06-09,1095,-3617,3623,191,ghoul
2025-06-09,1096,1350,6338,115,ghoul
2025-06-09,1097,325,5375,114,ghoul
2025-06-09,1098,-1192,6107,105,ghoul
2025-06-09,1099,-4025,6560,164,ghoul
2025-06-09,1100,-5688,6903,173,ghoul
2025-06-09,1101,-2225,7019,132,ghoul
2025-06-10,1090,2775,8473,116,ghoul
2025-06-10,1091,-717,7211,118,ghoul
2025-06-10,1092,5975,8420,85,ghoul
2025-06-10,1093,1858,7257,105,ghoul
2025-06-10,1094,2458,7777,123,ghoul
2025-06-10,1095,-3059,8364,118,ghoul
2025-06-10,1096,-1613,7073,147,ghoul
2025-06-10,1097,-1313,8394,135,ghoul
2025-06-10,1098,483,6269,100,ghoul
2025-06-10,1099,-4013,6673,152,ghoul
2025-06-10,1100,883,7611,110,ghoul
2025-06-10,1101,2700,8033,106,ghoul
2025-06-11,1090,-700,7983,121,ghoul
2025-06-11,1091,1133,7583,138,ghoul
2025-06-11,1092,1608,6483,141,ghoul
2025-06-11,1093,-3351,7001,140,ghoul
2025-06-11,1094,-2142,7387,123,ghoul
2025-06-11,1095,9083,9008,89,ghoul
2025-06-11,1096,-4900,5895,144,ghoul
2025-06-11,1097,-476,7577,135,ghoul
2025-06-11,1098,-2359,7900,130,ghoul
2025-06-11,1099,4337,8898,102,ghoul
2025-06-11,1100,2000,6398,100,ghoul
2025-06-11,1101,1850,7646,132,ghoul
2025-06-12,1090,3733,5485,137,ghoul
2025-06-12,1091,-1863,8929,157,ghoul
2025-06-12,1092,4362,8170,100,ghoul
2025-06-12,1093,-275,7873,114,ghoul
2025-06-12,1094,-1976,5701,114,ghoul
2025-06-12,1095,-4688,7091,173,ghoul
2025-06-12,1096,-1734,7767,144,ghoul
2025-06-12,1097,-3842,3839,202,ghoul
2025-06-12,1098,-925,8135,131,ghoul
2025-06-12,1099,1566,6572,119,ghoul
2025-06-12,1100,3391,6722,110,ghoul
2025-06-12,1101,-1134,7513,132,ghoul
2025-06-13,1090,-1876,6798,128,ghoul
2025-06-13,1091,-4588,8007,143,ghoul
2025-06-13,1092,6100,8159,107,ghoul
2025-06-13,1093,-517,8694,113,ghoul
2025-06-13,1094,8937,7121,110,ghoul
2025-06-13,1095,-4800,6685,155,ghoul
2025-06-13,1096,8208,7688,100,ghoul
2025-06-13,1097,-3784,6681,171,ghoul
2025-06-13,1098,-1659,8042,132,ghoul
2025-06-13,1099,3858,6276,112,ghoul
2025-06-13,1100,-4663,5448,165,ghoul
2025-06-13,1101,6500,8490,87,ghoul
2025-06-14,1090,-4813,7484,147,ghoul
2025-06-14,1091,8062,7940,91,ghoul
2025-06-14,1092,-1913,5433,139,ghoul
2025-06-14,1093,5633,7157,97,ghoul
2025-06-14,1094,1108,6696,129,ghoul
2025-06-14,1095,-1500,8970,104,ghoul
2025-06-14,1096,-6834,8057,146,ghoul
2025-06-14,1097,1112,7015,125,ghoul
2025-06-14,1098,-5213,7632,182,ghoul
2025-06-14,1099,5725,5974,117,ghoul
2025-06-14,1100,816,7197,133,ghoul
2025-06-14,1101,-6350,7649,153,ghoul
2025-06-15,1090,3650,6954,122,ghoul
2025-06-15,1091,-6167,8291,163,ghoul
2025-06-15,1092,-92,6270,116,ghoul
2025-06-15,1093,2341,6040,116,ghoul
2025-06-15,1094,791,7365,134,ghoul
2025-06-15,1095,-1200,7926,139,ghoul
2025-06-15,1096,-3159,6407,149,ghoul
2025-06-15,1097,558,7226,142,ghoul
2025-06-15,1098,-1600,4786,129,ghoul
2025-06-15,1099,1550,6561,115,ghoul
2025-06-15,1100,-1375,5334,137,ghoul
2025-06-15,1101,-1400,5875,151,ghoul
2025-06-16,1090,-4788,6579,157,ghoul
2025-06-16,1091,7966,7390,104,ghoul
2025-06-16,1092,1041,5457,130,ghoul
2025-06-16,1093,-2026,5889,137,ghoul
2025-06-16,1094,-1530,4620,125,ghoul
2025-06-16,1095,3216,7832,137,ghoul
2025-06-16,1096,-2725,8418,153,ghoul
2025-06-16,1097,-3938,5180,179,ghoul
2025-06-16,1098,1516,8601,123,ghoul
2025-06-16,1099,-5488,5645,209,ghoul
2025-06-16,1100,-692,5439,130,ghoul
2025-06-16,1101,4966,7352,113,ghoul
2025-06-17,1090,975,7479,108,ghoul
2025-06-17,1091,-3638,8204,149,ghoul
2025-06-17,1092,-4413,8800,176,ghoul
2025-06-17,1093,1175,7967,129,ghoul
2025-06-17,1094,-5813,7899,180,ghoul
2025-06-17,1095,7033,8650,97,ghoul
2025-06-17,1096,-4113,8165,130,ghoul
2025-06-17,1097,-7517,7491,178,ghoul
2025-06-17,1098,-1484,7566,146,ghoul
2025-06-17,1099,4812,8356,111,ghoul
2025-06-17,1100,1833,8028,115,ghoul
2025-06-17,1101,5687,8161,112,ghoul
2025-06-18,1090,-2350,4742,148,ghoul
2025-06-18,1091,3025,6355,116,ghoul
2025-06-18,1092,1333,6593,132,ghoul
2025-06-18,1093,-5563,5289,203,ghoul
2025-06-18,1094,-2517,8007,146,ghoul
2025-06-18,1095,-2063,4934,170,ghoul
2025-06-18,1096,5000,4556,89,ghoul
2025-06-18,1097,-3092,7540,132,ghoul
2025-06-18,1098,2208,6605,138,ghoul
2025-06-18,1099,2308,5703,116,ghoul
2025-06-18,1100,8562,7343,110,ghoul
2025-06-18,1101,-5538,6936,151,ghoul
2025-06-19,1090,-2625,7888,123,ghoul
2025-06-19,1091,2725,5591,122,ghoul
2025-06-19,1092,-7105,8695,189,ghoul
2025-06-19,1093,3366,8197,106,ghoul
2025-06-19,1094,2108,7743,136,ghoul
2025-06-19,1095,2208,6705,106,ghoul
2025-06-19,1096,4700,7278,109,ghoul
2025-06-19,1097,7083,9003,108,ghoul
2025-06-19,1098,2612,7106,113,ghoul
2025-06-19,1099,275,6487,130,ghoul
2025-06-19,1100,2091,7019,128,ghoul
2025-06-19,1101,-2584,8366,123,ghoul
2025-06-20,1090,-3642,7870,151,ghoul
2025-06-20,1091,5766,8171,128,ghoul
2025-06-20,1092,3691,4770,119,ghoul
2025-06-20,1093,2400,7425,130,ghoul
2025-06-20,1094,4400,8690,119,ghoul
2025-06-20,1095,-621,5022,129,ghoul
2025-06-20,1096,-6134,6888,172,ghoul
2025-06-20,1097,-6117,6693,172,ghoul
2025-06-20,1098,1508,7835,121,ghoul
2025-06-20,1099,-4863,6827,155,ghoul
2025-06-20,1100,-3409,6752,127,ghoul
2025-06-20,1101,-4238,5905,169,ghoul
2025-06-21,1090,-4450,7579,146,ghoul
2025-06-21,1091,-8063,8226,187,ghoul
2025-06-21,1092,-1792,6420,143,ghoul
2025-06-21,1093,-667,7898,136,ghoul
2025-06-21,1094,4537,8688,142,ghoul
2025-06-21,1095,5525,7560,118,ghoul
2025-06-21,1096,2137,8826,130,ghoul
2025-06-21,1097,-5617,8519,142,ghoul
2025-06-21,1098,-5688,8019,149,ghoul
2025-06-21,1099,7750,8519,101,ghoul
2025-06-21,1100,10000,7999,86,ghoul
2025-06-21,1101,2350,6639,109,ghoul
2025-06-22,1090,-1275,7075,111,ghoul
2025-06-22,1091,10625,7783,81,ghoul
2025-06-22,1092,2787,8336,134,ghoul
2025-06-22,1093,-4813,7732,141,ghoul
2025-06-22,1094,-130,7437,108,ghoul
2025-06-22,1095,-4450,7783,134,ghoul
2025-06-22,1096,-2413,8921,135,ghoul
2025-06-22,1097,10800,9261,95,ghoul
2025-06-22,1098,-9,8924,121,ghoul
2025-06-22,1099,-5225,7922,152,ghoul
2025-06-22,1100,1125,7471,110,ghoul
2025-06-22,1101,-4063,7956,159,ghoul
2025-06-24,1088,2687,8216,116,ghoul
2025-06-24,1089,-4967,8734,130,ghoul
2025-06-24,1090,1083,8264,135,ghoul
2025-06-24,1091,2225,8891,106,ghoul
2025-06-24,1092,-2888,8641,131,ghoul
2025-06-24,1093,16425,8374,87,ghoul
2025-06-24,1094,-3975,9021,133,ghoul
2025-06-24,1095,-2667,7711,115,ghoul
2025-06-24,1096,1816,8499,133,ghoul
2025-06-24,1097,3275,8360,91,ghoul
2025-06-24,1098,1225,8699,121,ghoul
2025-06-24,1099,6933,7294,107,ghoul
2025-06-24,1100,-3301,8481,141,ghoul
2025-06-24,1101,-6667,8748,162,ghoul
2025-06-25,1088,-5233,8091,150,ghoul
2025-06-25,1089,3674,8569,126,ghoul
2025-06-25,1090,2232,8806,116,ghoul
2025-06-25,1091,-7070,7390,189,ghoul
2025-06-25,1092,-7256,8552,186,ghoul
2025-06-25,1093,1674,8167,112,ghoul
2025-06-25,1094,-3210,8812,140,ghoul
2025-06-25,1095,0,7904,127,ghoul
2025-06-25,1096,-2000,8114,150,ghoul
2025-06-25,1097,6139,6439,96,ghoul
2025-06-25,1098,2651,8662,133,ghoul
2025-06-25,1099,5511,8415,86,ghoul
2025-06-25,1100,0,6995,109,ghoul
2025-06-25,1101,4604,9319,91,ghoul
2025-06-26,1088,8093,7729,107,ghoul
2025-06-26,1089,1534,8285,134,ghoul
2025-06-26,1090,3674,8146,95,ghoul
2025-06-26,1091,2232,8283,100,ghoul
2025-06-26,1092,-233,8104,125,ghoul
2025-06-26,1093,-1117,8730,121,ghoul
2025-06-26,1094,-2233,8134,118,ghoul
2025-06-26,1095,-6419,8240,153,ghoul
2025-06-26,1096,-3582,8379,137,ghoul
2025-06-26,1097,-2280,9407,106,ghoul
2025-06-26,1098,-3349,8283,151,ghoul
2025-06-26,1099,-5652,7216,154,ghoul
2025-06-26,1100,-2559,9110,120,ghoul
2025-06-26,1101,279,7711,109,ghoul
2025-06-27,1088,2139,8460,116,ghoul
2025-06-27,1089,3441,8140,113,ghoul
2025-06-27,1090,-6698,9085,149,ghoul
2025-06-27,1091,1767,8571,113,ghoul
2025-06-27,1092,2604,9077,128,ghoul
2025-06-27,1093,3441,8714,124,ghoul
2025-06-27,1094,-5582,8541,153,ghoul
2025-06-27,1095,10325,8693,85,ghoul
2025-06-27,1096,-6419,9075,159,ghoul
2025-06-27,1097,-3024,8759,117,ghoul
2025-06-27,1098,15069,7992,75,ghoul
2025-06-27,1099,4372,8615,89,ghoul
2025-06-27,1100,-2373,9087,149,ghoul
2025-06-27,1101,-3838,8283,120,ghoul
2025-06-28,1088,7534,7463,111,ghoul
2025-06-28,1089,767,7294,122,ghoul
2025-06-28,1090,6976,8185,93,ghoul
2025-06-28,1091,-5861,8738,143,ghoul
2025-06-28,1092,-5931,8613,146,ghoul
2025-06-28,1093,-3419,7607,136,ghoul
2025-06-28,1094,-1675,7481,139,ghoul
2025-06-28,1095,-2024,8435,148,ghoul
2025-06-28,1096,-3140,8466,118,ghoul
2025-06-28,1097,-931,5752,120,ghoul
2025-06-28,1098,-6047,8302,157,ghoul
2025-06-28,1099,-1396,7603,117,ghoul
2025-06-28,1100,-791,6341,117,ghoul
2025-06-28,1101,-3768,8493,139,ghoul
2025-06-29,1088,-3675,7452,131,ghoul
2025-06-29,1089,-3675,7113,142,ghoul
2025-06-29,1090,-1442,7413,148,ghoul
2025-06-29,1091,1534,7682,113,ghoul
2025-06-29,1092,5116,7572,102,ghoul
2025-06-29,1093,-3814,5798,153,ghoul
2025-06-29,1094,-3256,7944,126,ghoul
2025-06-29,1095,-4605,6049,132,ghoul
2025-06-29,1096,-6140,6759,173,ghoul
2025-06-29,1097,6511,8000,108,ghoul
2025-06-29,1098,2744,6486,98,ghoul
2025-06-29,1099,4744,6994,108,ghoul
2025-06-29,1100,3837,7053,95,ghoul
2025-06-29,1101,-2931,8334,139,ghoul
2025-06-30,1088,6976,8072,109,ghoul
2025-06-30,1089,232,9153,127,ghoul
2025-06-30,1090,2000,6948,107,ghoul
2025-06-30,1091,558,6329,132,ghoul
2025-06-30,1092,2697,8173,126,ghoul
2025-06-30,1093,4000,7465,105,ghoul
2025-06-30,1094,6139,5054,110,ghoul
2025-06-30,1095,-3280,6783,144,ghoul
2025-06-30,1096,4744,8333,113,ghoul
2025-06-30,1097,3767,5485,98,ghoul
2025-06-30,1098,-466,7509,110,ghoul
2025-06-30,1099,46,4701,118,ghoul
2025-06-30,1100,-3954,5869,140,ghoul
2025-06-30,1101,-4535,7932,137,ghoul
2025-07-01,1088,-2838,7729,136,ghoul
2025-07-01,1089,-94,6507,151,ghoul
2025-07-01,1090,-1256,6944,136,ghoul
2025-07-01,1091,-3698,5919,197,ghoul
2025-07-01,1092,3674,7702,124,ghoul
2025-07-01,1093,-1024,6834,134,ghoul
2025-07-01,1094,-3628,7304,155,ghoul
2025-07-01,1095,-1396,6835,105,ghoul
2025-07-01,1096,-6884,7374,211,ghoul
2025-07-01,1097,-2140,7419,132,ghoul
2025-07-01,1098,-1512,7027,125,ghoul
2025-07-01,1099,-2047,6285,123,ghoul
2025-07-01,1100,790,7808,135,ghoul
2025-07-01,1101,-3163,8734,113,ghoul
2025-07-02,1088,-4605,7424,190,ghoul
2025-07-02,1089,-3210,5933,148,ghoul
2025-07-02,1090,-5931,7005,159,ghoul
2025-07-02,1091,8604,7603,97,ghoul
2025-07-02,1092,976,3303,132,ghoul
2025-07-02,1093,1627,5657,109,ghoul
2025-07-02,1094,837,7721,131,ghoul
2025-07-02,1095,-2884,6928,115,ghoul
2025-07-02,1096,-605,9326,104,ghoul
2025-07-02,1097,1627,6135,120,ghoul
2025-07-02,1098,-2233,7994,160,ghoul
2025-07-02,1099,-3838,7122,158,ghoul
2025-07-02,1100,1209,5994,120,ghoul
2025-07-02,1101,-3977,8178,149,ghoul
2025-07-03,1088,9418,8308,105,ghoul
2025-07-03,1089,-4535,7416,126,ghoul
2025-07-03,1090,2023,7146,105,ghoul
2025-07-03,1091,-5373,6733,140,ghoul
2025-07-03,1092,-2745,8475,128,ghoul
2025-07-03,1093,1720,7418,111,ghoul
2025-07-03,1094,-5303,7531,171,ghoul
2025-07-03,1095,-745,6676,113,ghoul
2025-07-03,1096,6418,7572,111,ghoul
2025-07-03,1097,1488,8269,122,ghoul
2025-07-03,1098,-3628,6155,154,ghoul
2025-07-03,1099,-280,6374,139,ghoul
2025-07-03,1100,-140,6783,123,ghoul
2025-07-03,1101,2883,7272,104,ghoul
2025-07-04,1088,2139,7500,114,ghoul
2025-07-04,1089,-1628,6758,119,ghoul
2025-07-04,1090,-1791,7973,119,ghoul
2025-07-04,1091,-5233,6426,131,ghoul
2025-07-04,1092,3441,5573,147,ghoul
2025-07-04,1093,11023,7551,96,ghoul
2025-07-04,1094,-4466,6978,152,ghoul
2025-07-04,1095,0,7838,126,ghoul
2025-07-04,1096,9651,7188,100,ghoul
2025-07-04,1097,69,8103,117,ghoul
2025-07-04,1098,3116,4890,129,ghoul
2025-07-04,1099,1767,7838,131,ghoul
2025-07-04,1100,9069,6809,99,ghoul
2025-07-04,1101,-5442,8056,139,ghoul
2025-07-05,1088,-1489,8159,124,ghoul
2025-07-05,1089,-2605,7790,142,ghoul
2025-07-05,1090,-1535,7404,145,ghoul
2025-07-05,1091,14511,7961,74,ghoul
2025-07-05,1092,-3768,8493,144,ghoul
2025-07-05,1093,5581,8177,86,ghoul
2025-07-05,1094,-7442,7272,191,ghoul
2025-07-05,1095,-349,7608,133,ghoul
2025-07-05,1096,-3582,7346,163,ghoul
2025-07-05,1097,-605,8541,124,ghoul
2025-07-05,1098,-94,7996,110,ghoul
2025-07-05,1099,-5675,7734,176,ghoul
2025-07-05,1100,-7163,7827,182,ghoul
2025-07-05,1101,1023,8211,124,ghoul
2025-07-06,1088,-3489,8063,144,ghoul
2025-07-06,1089,-4605,7171,135,ghoul
2025-07-06,1090,-4466,5719,173,ghoul
2025-07-06,1091,93,7770,109,ghoul
2025-07-06,1092,2372,6610,132,ghoul
2025-07-06,1093,-4256,6389,123,ghoul
2025-07-06,1094,-2140,7172,156,ghoul
2025-07-06,1095,930,6420,149,ghoul
2025-07-06,1096,4395,6515,112,ghoul
2025-07-06,1097,-1047,7156,135,ghoul
2025-07-06,1098,-5931,7369,180,ghoul
2025-07-06,1099,-3582,7578,152,ghoul
2025-07-06,1100,-7721,8530,158,ghoul
2025-07-06,1101,1255,7051,118,ghoul
2025-07-07,1088,-7721,8005,167,ghoul
2025-07-07,1089,9186,7254,84,ghoul
2025-07-07,1090,-6326,7368,171,ghoul
2025-07-07,1091,-559,7560,120,ghoul
2025-07-07,1092,-977,8451,122,ghoul
2025-07-07,1093,6511,8598,99,ghoul
2025-07-07,1094,-721,8047,113,ghoul
2025-07-07,1095,-3210,8033,152,ghoul
2025-07-07,1096,2418,8145,120,ghoul
2025-07-07,1097,-3419,8571,143,ghoul
2025-07-07,1098,1860,8255,103,ghoul
2025-07-07,1099,3069,8029,107,ghoul
2025-07-07,1100,-233,8221,152,ghoul
2025-07-07,1101,-7907,8309,173,ghoul
2025-07-08,1088,6697,8020,103,ghoul
2025-07-08,1089,-512,7561,133,ghoul
2025-07-08,1090,-6326,7538,171,ghoul
2025-07-08,1091,3813,9074,111,ghoul
2025-07-08,1092,-768,7609,123,ghoul
2025-07-08,1093,3116,8176,108,ghoul
2025-07-08,1094,3906,7332,111,ghoul
2025-07-08,1095,325,7479,115,ghoul
2025-07-08,1096,-2466,8446,141,ghoul
2025-07-08,1097,3767,7854,116,ghoul
2025-07-08,1098,-2466,7163,163,ghoul
2025-07-08,1099,4255,6379,112,ghoul
2025-07-08,1100,-4931,8584,145,ghoul
2025-07-08,1101,-1768,7597,138,ghoul
2025-07-09,1088,2790,7099,113,ghoul
2025-07-09,1089,-3210,7612,141,ghoul
2025-07-09,1090,10186,7396,90,ghoul
2025-07-09,1091,-47,9054,156,ghoul
2025-07-09,1092,10000,7935,103,ghoul
2025-07-09,1093,-4396,7733,161,ghoul
2025-07-09,1094,-3628,7632,136,ghoul
2025-07-09,1095,2790,7946,95,ghoul
2025-07-09,1096,-1396,8145,145,ghoul
2025-07-09,1097,697,6934,139,ghoul
2025-07-09,1098,9906,7141,87,ghoul
2025-07-09,1099,3279,7243,119,ghoul
2025-07-09,1100,-5931,5975,187,ghoul
2025-07-09,1101,2325,7625,127,ghoul
2025-07-11,1088,-1070,7990,133,ghoul
2025-07-11,1089,4674,8486,100,ghoul
2025-07-11,1090,14697,8032,67,ghoul
2025-07-11,1091,-70,7328,129,ghoul
2025-07-11,1092,465,8226,129,ghoul
2025-07-11,1093,6511,8461,126,ghoul
2025-07-11,1094,2139,8452,97,ghoul
2025-07-11,1095,232,7531,151,ghoul
2025-07-11,1096,10604,7113,95,ghoul
2025-07-11,1097,4651,6196,113,ghoul
2025-07-11,1098,1720,8810,109,ghoul
2025-07-11,1099,-3070,8678,138,ghoul
2025-07-11,1100,3976,8571,101,ghoul
2025-07-11,1101,-652,7203,113,ghoul
2025-07-12,1088,2000,7741,114,ghoul
2025-07-12,1089,-4187,8629,127,ghoul
2025-07-12,1090,-233,7356,131,ghoul
2025-07-12,1091,-2280,6212,119,ghoul
2025-07-12,1092,-1768,8492,131,ghoul
2025-07-12,1093,-7163,7085,173,ghoul
2025-07-12,1094,5302,7590,104,ghoul
2025-07-12,1095,-3070,7420,137,ghoul
2025-07-12,1096,2860,6524,117,ghoul
2025-07-12,1097,-4256,6175,154,ghoul
2025-07-12,1098,4604,7542,111,ghoul
2025-07-12,1099,5581,7216,113,ghoul
2025-07-12,1100,-6140,7396,172,ghoul
2025-07-12,1101,2139,7792,122,ghoul
2025-07-13,1088,-5024,7350,163,ghoul
2025-07-13,1089,1953,7587,120,ghoul
2025-07-13,1090,-1745,6554,137,ghoul
2025-07-13,1091,2651,8183,109,ghoul
2025-07-13,1092,9651,6961,102,ghoul
2025-07-13,1093,2302,7030,115,ghoul
2025-07-13,1094,-7349,8638,176,ghoul
2025-07-13,1095,-1396,8037,122,ghoul
2025-07-13,1096,7069,7474,136,ghoul
2025-07-13,1097,-1024,6710,143,ghoul
2025-07-13,1098,-2326,7252,117,ghoul
2025-07-13,1099,-5489,7699,157,ghoul
2025-07-13,1100,-1768,7922,126,ghoul
2025-07-13,1101,-2233,6824,171,ghoul
2025-07-14,1088,-2977,4337,140,ghoul
2025-07-14,1089,2744,6633,96,ghoul
2025-07-14,1090,4883,3903,112,ghoul
2025-07-14,1091,-5163,5808,171,ghoul
2025-07-14,1092,558,3512,121,ghoul
2025-07-14,1093,-4675,5153,161,ghoul
2025-07-14,1094,7674,8234,118,ghoul
2025-07-14,1095,4837,7735,106,ghoul
2025-07-14,1096,2046,5019,105,ghoul
2025-07-14,1097,-698,7590,120,ghoul
2025-07-14,1098,-1977,4183,161,ghoul
2025-07-14,1099,-2140,2845,158,ghoul
2025-07-14,1100,2232,5011,107,ghoul
2025-07-14,1101,-3070,7278,135,ghoul
2025-07-15,1088,-4954,8525,131,ghoul
2025-07-15,1089,6627,8098,98,ghoul
2025-07-15,1090,3255,7953,94,ghoul
2025-07-15,1091,3441,8632,96,ghoul
2025-07-15,1092,4604,7753,114,ghoul
2025-07-15,1093,1860,7396,92,ghoul
2025-07-15,1094,4325,8086,119,ghoul
2025-07-15,1095,6325,8085,91,ghoul
2025-07-15,1096,5720,7908,80,ghoul
2025-07-15,1097,1255,8173,109,ghoul
2025-07-15,1098,2139,8730,108,ghoul
2025-07-15,1099,-3396,8554,138,ghoul
2025-07-15,1100,3162,7767,125,ghoul
2025-07-15,1101,4813,8768,96,ghoul
2025-07-16,1088,-1256,7276,135,ghoul
2025-07-16,1089,4372,7367,105,ghoul
2025-07-16,1090,2372,8013,111,ghoul
2025-07-16,1091,2976,7348,102,ghoul
2025-07-16,1092,3767,7804,107,ghoul
2025-07-16,1093,3488,8608,109,ghoul
2025-07-16,1094,46,7682,108,ghoul
2025-07-16,1095,2511,8199,101,ghoul
2025-07-16,1096,1604,8289,112,ghoul
2025-07-16,1097,7674,9048,98,ghoul
2025-07-16,1098,-6884,8849,161,ghoul
2025-07-16,1099,2930,9000,90,ghoul
2025-07-16,1100,-1210,7738,127,ghoul
2025-07-16,1101,-163,8031,104,ghoul
2025-07-17,1088,-5721,7749,141,ghoul
2025-07-17,1089,8000,7752,82,ghoul
2025-07-17,1090,-6605,7864,202,ghoul
2025-07-17,1091,2465,9052,109,ghoul
2025-07-17,1092,2511,8151,127,ghoul
2025-07-17,1093,-6884,8139,154,ghoul
2025-07-17,1094,-163,6801,124,ghoul
2025-07-17,1095,116,8349,110,ghoul
2025-07-17,1096,2000,6940,102,ghoul
2025-07-17,1097,-2373,7785,120,ghoul
2025-07-17,1098,-1070,8736,125,ghoul
2025-07-17,1099,2604,7472,105,ghoul
2025-07-17,1100,1302,6484,120,ghoul
2025-07-17,1101,1116,6772,109,ghoul
2025-07-18,1088,-2721,8147,127,ghoul
2025-07-18,1089,-4954,7586,140,ghoul
2025-07-18,1090,-1117,8452,141,ghoul
2025-07-18,1091,651,7612,119,ghoul
2025-07-18,1092,372,8109,116,ghoul
2025-07-18,1093,7069,7763,102,ghoul
2025-07-18,1094,-4605,5873,155,ghoul
2025-07-18,1095,-2791,6662,155,ghoul
2025-07-18,1096,-4466,7550,148,ghoul
2025-07-18,1097,-4466,6173,151,ghoul
2025-07-18,1098,1627,6433,137,ghoul
2025-07-18,1099,-1814,7442,122,ghoul
2025-07-18,1100,-2373,5521,145,ghoul
2025-07-18,1101,2186,6818,114,ghoul
2025-07-19,1088,-3907,6801,136,ghoul
2025-07-19,1089,-4326,9192,123,ghoul
2025-07-19,1090,-6419,8316,170,ghoul
2025-07-19,1091,837,9260,134,ghoul
2025-07-19,1092,-4256,7851,148,ghoul
2025-07-19,1093,139,7247,115,ghoul
2025-07-19,1094,2651,8136,148,ghoul
2025-07-19,1095,-466,8622,104,ghoul
2025-07-19,1096,7441,8508,97,ghoul
2025-07-19,1097,1116,7749,116,ghoul
2025-07-19,1098,6883,7576,124,ghoul
2025-07-19,1099,3418,7679,105,ghoul
2025-07-19,1100,2465,7059,122,ghoul
2025-07-19,1101,2232,7844,115,ghoul
2025-07-20,1088,-4396,7926,169,ghoul
2025-07-20,1089,-140,8778,125,ghoul
2025-07-20,1090,2000,7479,117,ghoul
2025-07-20,1091,-4605,7484,163,ghoul
2025-07-20,1092,-4954,7670,148,ghoul
2025-07-20,1093,-4814,7795,126,ghoul
2025-07-20,1094,-512,8645,149,ghoul
2025-07-20,1095,-4396,6591,143,ghoul
2025-07-20,1096,4186,8155,106,ghoul
2025-07-20,1097,-3349,6773,165,ghoul
2025-07-20,1098,-373,6582,129,ghoul
2025-07-20,1099,-2373,8452,139,ghoul
2025-07-20,1100,1674,7226,113,ghoul
2025-07-20,1101,372,6411,131,ghoul
2025-07-21,1088,-140,8185,126,ghoul
2025-07-21,1089,-1954,7542,113,ghoul
2025-07-21,1090,232,8154,127,ghoul
2025-07-21,1091,-5582,8562,182,ghoul
2025-07-21,1092,9209,8535,93,ghoul
2025-07-21,1093,7534,8592,125,ghoul
2025-07-21,1094,5674,7651,84,ghoul
2025-07-21,1095,10046,6998,86,ghoul
2025-07-21,1096,6139,7193,116,ghoul
2025-07-21,1097,1767,6582,104,ghoul
2025-07-21,1098,-1000,7770,120,ghoul
2025-07-21,1099,1348,7379,115,ghoul
2025-07-21,1100,-2559,6796,126,ghoul
2025-07-21,1101,-4745,7817,145,ghoul
2025-07-22,1088,-3582,6308,129,ghoul
2025-07-22,1089,0,8180,132,ghoul
2025-07-22,1090,-3489,6602,135,ghoul
2025-07-22,1091,-814,7442,131,ghoul
2025-07-22,1092,-3070,5830,142,ghoul
2025-07-22,1093,2883,7676,148,ghoul
2025-07-22,1094,930,6133,114,ghoul
2025-07-22,1095,395,4597,124,ghoul
2025-07-22,1096,325,7585,115,ghoul
2025-07-22,1097,-1047,6227,135,ghoul
2025-07-22,1098,8139,6402,89,ghoul
2025-07-22,1099,-4535,6680,171,ghoul
2025-07-22,1100,5511,5297,115,ghoul
2025-07-22,1101,-605,5911,144,ghoul
2025-07-24,1088,2232,7637,111,ghoul
2025-07-24,1089,-3163,7398,148,ghoul
2025-07-24,1090,-3698,8010,136,ghoul
2025-07-24,1091,-3256,8538,142,ghoul
2025-07-24,1092,5767,7341,105,ghoul
2025-07-24,1093,-6884,7451,177,ghoul
2025-07-24,1094,-6605,8530,150,ghoul
2025-07-24,1095,488,7041,144,ghoul
2025-07-24,1096,12000,7825,86,ghoul
2025-07-24,1097,-2721,8107,172,ghoul
2025-07-24,1098,-3907,6654,148,ghoul
2025-07-24,1099,-3442,8785,124,ghoul
2025-07-24,1100,3906,7877,101,ghoul
2025-07-24,1101,-4466,8837,128,ghoul
2025-07-25,1088,5302,6989,101,ghoul
2025-07-25,1089,651,6630,116,ghoul
2025-07-25,1090,-4256,7886,125,ghoul
2025-07-25,1091,-4535,8603,141,ghoul
2025-07-25,1092,-7070,8621,151,ghoul
2025-07-25,1093,1209,7820,104,ghoul
2025-07-25,1094,-5163,9220,138,ghoul
2025-07-25,1095,6046,8184,101,ghoul
2025-07-25,1096,4093,7762,116,ghoul
2025-07-25,1097,-7163,7027,190,ghoul
2025-07-25,1098,1000,9237,114,ghoul
2025-07-25,1099,-6140,7379,142,ghoul
2025-07-25,1100,3627,8318,97,ghoul
2025-07-25,1101,-1117,8024,132,ghoul
2025-07-26,1088,-233,6801,131,ghoul
2025-07-26,1089,-6047,7129,152,ghoul
2025-07-26,1090,9767,8804,110,ghoul
2025-07-26,1091,-4047,7634,141,ghoul
2025-07-26,1092,-3210,6569,131,ghoul
2025-07-26,1093,-466,8073,128,ghoul
2025-07-26,1094,-4396,8940,131,ghoul
2025-07-26,1095,-3675,6398,142,ghoul
2025-07-26,1096,1116,7397,121,ghoul
2025-07-26,1097,372,6979,118,ghoul
2025-07-26,1098,-1070,8202,134,ghoul
2025-07-26,1099,-5024,7165,140,ghoul
2025-07-26,1100,348,8546,126,ghoul
2025-07-26,1101,-3721,7789,166,ghoul
2025-07-27,1088,-2861,8183,124,ghoul
2025-07-27,1089,-280,7580,105,ghoul
2025-07-27,1090,-6047,8476,137,ghoul
2025-07-27,1091,5116,6797,99,ghoul
2025-07-27,1092,2093,7636,123,ghoul
2025-07-27,1093,-233,7713,126,ghoul
2025-07-27,1094,-5791,9184,141,ghoul
2025-07-27,1095,-4187,7610,165,ghoul
2025-07-27,1096,5441,8383,116,ghoul
2025-07-27,1097,-3768,7862,131,ghoul
2025-07-27,1098,10465,7782,79,ghoul
2025-07-27,1099,-5652,8696,136,ghoul
2025-07-27,1100,511,7584,131,ghoul
2025-07-27,1101,46,8553,107,ghoul
2025-07-28,1088,2511,6308,119,ghoul
2025-07-28,1089,8139,6997,111,ghoul
2025-07-28,1090,-6791,6993,200,ghoul
2025-07-28,1091,-2419,6436,157,ghoul
2025-07-28,1092,2930,6784,111,ghoul
2025-07-28,1093,3534,7105,111,ghoul
2025-07-28,1094,-6698,7971,153,ghoul
2025-07-28,1095,8720,7872,92,ghoul
2025-07-28,1096,5372,6104,86,ghoul
2025-07-28,1097,-2977,6751,130,ghoul
2025-07-28,1098,-2326,7604,115,ghoul
2025-07-28,1099,1883,8122,125,ghoul
2025-07-28,1100,2279,6020,94,ghoul
2025-07-28,1101,10046,7943,102,ghoul
2025-07-29,1088,-4256,7836,148,ghoul
2025-07-29,1089,3255,6297,105,ghoul
2025-07-29,1090,-6140,8182,152,ghoul
2025-07-29,1091,-4675,5632,152,ghoul
2025-07-29,1092,-1163,7585,129,ghoul
2025-07-29,1093,-3442,5862,136,ghoul
2025-07-29,1094,2883,6981,134,ghoul
2025-07-29,1095,3767,7409,104,ghoul
2025-07-29,1096,-4605,7151,188,ghoul
2025-07-29,1097,-6605,8439,148,ghoul
2025-07-29,1098,-6047,6585,165,ghoul
2025-07-29,1099,3767,6074,117,ghoul
2025-07-29,1100,-3977,7033,147,ghoul
2025-07-29,1101,-2140,7218,139,ghoul
2025-07-30,1088,3674,7869,109,ghoul
2025-07-30,1089,232,8291,126,ghoul
2025-07-30,1090,-1442,7982,123,ghoul
2025-07-30,1091,279,7368,125,ghoul
2025-07-30,1092,697,7214,111,ghoul
2025-07-30,1093,1186,8634,137,ghoul
2025-07-30,1094,-3628,6085,142,ghoul
2025-07-30,1095,-1628,6982,125,ghoul
2025-07-30,1096,-3210,6857,146,ghoul
2025-07-30,1097,-2000,8725,116,ghoul
2025-07-30,1098,-4745,7824,137,ghoul
2025-07-30,1099,-4675,5672,153,ghoul
2025-07-30,1100,-2791,8521,142,ghoul
2025-07-30,1101,-5652,6736,173,ghoul
2025-07-31,1088,-7442,8465,173,ghoul
2025-07-31,1089,1116,7976,117,ghoul
2025-07-31,1090,-4396,6995,140,ghoul
2025-07-31,1091,4046,7781,122,ghoul
2025-07-31,1092,9186,8042,104,ghoul
2025-07-31,1093,-3210,7145,146,ghoul
2025-07-31,1094,279,7802,99,ghoul
2025-07-31,1095,-3814,7770,149,ghoul
2025-07-31,1096,906,7564,120,ghoul
2025-07-31,1097,418,9173,111,ghoul
2025-07-31,1098,5767,7739,97,ghoul
2025-07-31,1099,-1070,8895,125,ghoul
2025-07-31,1100,12209,6878,79,ghoul
2025-07-31,1101,-4745,7967,142,ghoul
2025-08-01,1088,4395,8517,103,ghoul
2025-08-01,1089,-5094,7497,153,ghoul
2025-08-01,1090,3139,9398,112,ghoul
2025-08-01,1091,3581,8139,103,ghoul
2025-08-01,1092,4465,8373,127,ghoul
2025-08-01,1093,7813,8574,105,ghoul
2025-08-01,1094,2558,8661,106,ghoul
2025-08-01,1095,-838,8500,120,ghoul
2025-08-01,1096,-4256,8360,174,ghoul
2025-08-01,1097,-4814,7255,161,ghoul
2025-08-01,1098,3488,8422,112,ghoul
2025-08-01,1099,14697,8209,91,ghoul
2025-08-01,1100,-4954,7120,158,ghoul
2025-08-01,1101,-6047,7321,170,ghoul
2025-08-02,1088,-3024,8634,160,ghoul
2025-08-02,1089,2581,8428,115,ghoul
2025-08-02,1090,-8256,8470,173,ghoul
2025-08-02,1091,-5233,8052,168,ghoul
2025-08-02,1092,-3768,7262,151,ghoul
2025-08-02,1093,-3721,8024,141,ghoul
2025-08-02,1094,-4326,9256,142,ghoul
2025-08-02,1095,-2000,8339,144,ghoul
2025-08-02,1096,-559,7394,110,ghoul
2025-08-02,1097,8139,8178,108,ghoul
2025-08-02,1098,7441,7518,91,ghoul
2025-08-02,1099,-4535,7864,138,ghoul
2025-08-02,1100,-4675,8101,159,ghoul
2025-08-02,1101,5162,9242,99,ghoul
2025-08-03,1088,-1256,7438,155,ghoul
2025-08-03,1089,-3907,6204,148,ghoul
2025-08-03,1090,3279,6738,123,ghoul
2025-08-03,1091,-2791,5872,133,ghoul
2025-08-03,1092,-419,6684,117,ghoul
2025-08-03,1093,1186,5385,128,ghoul
2025-08-03,1094,-140,6499,144,ghoul
2025-08-03,1095,2279,7274,110,ghoul
2025-08-03,1096,2558,6402,105,ghoul
2025-08-03,1097,697,7527,118,ghoul
2025-08-03,1098,6139,7614,88,ghoul
2025-08-03,1099,-1814,5652,182,ghoul
2025-08-03,1100,2372,7616,106,ghoul
2025-08-03,1101,883,7570,105,ghoul
2025-08-04,1088,-1582,5118,122,ghoul
2025-08-04,1089,3674,7673,97,ghoul
2025-08-04,1090,581,6144,123,ghoul
2025-08-04,1091,-2187,4432,170,ghoul
2025-08-04,1092,-1698,7858,131,ghoul
2025-08-04,1093,-977,6116,130,ghoul
2025-08-04,1094,-5582,6409,189,ghoul
2025-08-04,1095,-1861,4664,137,ghoul
2025-08-04,1096,-2791,7606,155,ghoul
2025-08-04,1097,-3210,5433,133,ghoul
2025-08-04,1098,186,4037,139,ghoul
2025-08-04,1099,-4117,6045,141,ghoul
2025-08-04,1100,-3070,5005,147,ghoul
2025-08-04,1101,-2884,6570,129,ghoul
2025-08-06,1088,3209,8479,123,ghoul
2025-08-06,1089,-4814,8605,154,ghoul
2025-08-06,1090,-5163,6476,162,ghoul
2025-08-06,1091,-2000,8095,128,ghoul
2025-08-06,1092,-559,7375,151,ghoul
2025-08-06,1093,-3977,5574,174,ghoul
2025-08-06,1094,11023,7822,85,ghoul
2025-08-06,1095,-3535,8064,149,ghoul
2025-08-06,1096,6232,6924,124,ghoul
2025-08-06,1097,-1954,7477,150,ghoul
2025-08-06,1098,6139,9063,87,ghoul
2025-08-06,1099,4674,8700,97,ghoul
2025-08-06,1100,-1535,7249,125,ghoul
2025-08-06,1101,-3559,7656,166,ghoul
2025-08-07,1088,906,6915,123,ghoul
2025-08-07,1089,1395,8302,104,ghoul
2025-08-07,1090,4604,6993,84,ghoul
2025-08-07,1091,-2442,8783,135,ghoul
2025-08-07,1092,1674,7995,114,ghoul
2025-08-07,1093,-1768,8714,119,ghoul
2025-08-07,1094,12697,8211,89,ghoul
2025-08-07,1095,-5791,8878,161,ghoul
2025-08-07,1096,-2977,6232,164,ghoul
2025-08-07,1097,3279,7560,105,ghoul
2025-08-07,1098,-3070,6117,130,ghoul
2025-08-07,1099,2581,7763,121,ghoul
2025-08-07,1100,-5163,8400,158,ghoul
2025-08-07,1101,-4605,8881,133,ghoul
2025-08-08,1088,-6233,8519,135,ghoul
2025-08-08,1089,-2652,8305,146,ghoul
2025-08-08,1090,5023,7849,105,ghoul
2025-08-08,1091,6139,8717,109,ghoul
2025-08-08,1092,-5652,8227,187,ghoul
2025-08-08,1093,-6605,9249,142,ghoul
2025-08-08,1094,5511,8985,94,ghoul
2025-08-08,1095,11860,8459,96,ghoul
2025-08-08,1096,1162,7509,123,ghoul
2025-08-08,1097,-1256,8873,118,ghoul
2025-08-08,1098,-698,7160,140,ghoul
2025-08-08,1099,3488,8270,112,ghoul
2025-08-08,1100,4744,9288,113,ghoul
2025-08-08,1101,-1628,9012,125,ghoul
2025-08-09,1088,-233,8127,121,ghoul
2025-08-09,1089,-4605,7284,132,ghoul
2025-08-09,1090,-1628,7628,153,ghoul
2025-08-09,1091,372,7465,133,ghoul
2025-08-09,1092,-373,7548,124,ghoul
2025-08-09,1093,3209,7716,103,ghoul
2025-08-09,1094,-2187,7913,136,ghoul
2025-08-09,1095,-1582,8716,145,ghoul
2025-08-09,1096,-3210,7476,163,ghoul
2025-08-09,1097,-3163,7712,133,ghoul
2025-08-09,1098,3302,6844,112,ghoul
2025-08-09,1099,-745,7846,133,ghoul
2025-08-09,1100,3069,8381,118,ghoul
2025-08-09,1101,-1675,6994,132,ghoul
2025-08-10,1088,3837,7964,128,ghoul
2025-08-10,1089,-2233,7238,129,ghoul
2025-08-10,1090,-4326,6397,133,ghoul
2025-08-10,1091,-3396,5501,141,ghoul
2025-08-10,1092,3162,7584,117,ghoul
2025-08-10,1093,-1256,6708,160,ghoul
2025-08-10,1094,-652,7664,120,ghoul
2025-08-10,1095,1348,6849,114,ghoul
2025-08-10,1096,-3117,6158,158,ghoul
2025-08-10,1097,-3675,6242,145,ghoul
2025-08-10,1098,-2698,5503,153,ghoul
2025-08-10,1099,2790,5686,162,ghoul
2025-08-10,1100,5651,6423,111,ghoul
2025-08-10,1101,930,6970,97,ghoul
2025-08-11,1088,-2280,8491,121,ghoul
2025-08-11,1089,1023,8543,119,ghoul
2025-08-11,1090,9534,8071,83,ghoul
2025-08-11,1091,790,7391,114,ghoul
2025-08-11,1092,1465,7515,134,ghoul
2025-08-11,1093,8720,8998,87,ghoul
2025-08-11,1094,139,5949,108,ghoul
2025-08-11,1095,-3163,7748,136,ghoul
2025-08-11,1096,1581,7226,117,ghoul
2025-08-11,1097,-2977,7994,133,ghoul
2025-08-11,1098,2372,7939,115,ghoul
2025-08-11,1099,-3628,8540,155,ghoul
2025-08-11,1100,2930,7700,126,ghoul
2025-08-11,1101,-954,6607,105,ghoul
2025-08-12,1088,1720,7493,114,ghoul
2025-08-12,1089,-2140,8240,125,ghoul
2025-08-12,1090,883,8050,126,ghoul
2025-08-12,1091,-4605,8205,152,ghoul
2025-08-12,1092,-3628,8068,137,ghoul
2025-08-12,1093,-5163,7098,151,ghoul
2025-08-12,1094,-280,6984,140,ghoul
2025-08-12,1095,-861,7474,117,ghoul
2025-08-12,1096,-2047,7057,126,ghoul
2025-08-12,1097,-6047,7863,179,ghoul
2025-08-12,1098,-140,4877,119,ghoul
2025-08-12,1099,1302,8663,122,ghoul
2025-08-12,1100,1534,5912,144,ghoul
2025-08-12,1101,5093,8062,102,ghoul
2025-08-13,1088,7674,8402,106,ghoul
2025-08-13,1089,-2652,6550,128,ghoul
2025-08-13,1090,0,7866,116,ghoul
2025-08-13,1091,5232,7959,124,ghoul
2025-08-13,1092,2372,7861,111,ghoul
2025-08-13,1093,5674,8256,92,ghoul
2025-08-13,1094,4604,7482,104,ghoul
2025-08-13,1095,-3977,6972,127,ghoul
2025-08-13,1096,-3977,6234,160,ghoul
2025-08-13,1097,-884,8249,129,ghoul
2025-08-13,1098,-7907,9014,161,ghoul
2025-08-13,1099,-280,8205,144,ghoul
2025-08-13,1100,3209,8580,101,ghoul
2025-08-13,1101,7790,8403,94,ghoul
2025-08-14,1088,-5582,6710,160,ghoul
2025-08-14,1089,5023,7288,101,ghoul
2025-08-14,1090,2139,7380,129,ghoul
2025-08-14,1091,-373,7807,122,ghoul
2025-08-14,1092,790,6005,128,ghoul
2025-08-14,1093,1255,6518,114,ghoul
2025-08-14,1094,-2931,7412,148,ghoul
2025-08-14,1095,-1489,5931,129,ghoul
2025-08-14,1096,-6233,7603,141,ghoul
2025-08-14,1097,-1861,9361,138,ghoul
2025-08-14,1098,-3489,5306,166,ghoul
2025-08-14,1099,2837,7116,117,ghoul
2025-08-14,1100,2139,5660,142,ghoul
2025-08-14,1101,-466,8850,143,ghoul
2025-08-15,1088,4372,8208,124,ghoul
2025-08-15,1089,279,8054,144,ghoul
2025-08-15,1090,-1117,7843,127,ghoul
2025-08-15,1091,3767,7241,97,ghoul
2025-08-15,1092,-1907,6561,143,ghoul
2025-08-15,1093,2302,8248,137,ghoul
2025-08-15,1094,465,9086,116,ghoul
2025-08-15,1095,-1024,7968,123,ghoul
2025-08-15,1096,-5721,6082,169,ghoul
2025-08-15,1097,-3163,7092,154,ghoul
2025-08-15,1098,-1210,7523,121,ghoul
2025-08-15,1099,4465,7995,111,ghoul
2025-08-15,1100,1790,7520,125,ghoul
2025-08-15,1101,1883,8486,121,ghoul
2025-08-16,1088,-4047,7929,144,ghoul
2025-08-16,1089,13953,6063,76,ghoul
2025-08-16,1090,-2698,6723,122,ghoul
2025-08-16,1091,2139,7784,111,ghoul
2025-08-16,1092,2186,6218,122,ghoul
2025-08-16,1093,604,8692,122,ghoul
2025-08-16,1094,-1256,6903,115,ghoul
2025-08-16,1095,2023,7316,135,ghoul
2025-08-16,1096,-1442,7949,128,ghoul
2025-08-16,1097,1604,7360,104,ghoul
2025-08-16,1098,-326,6269,118,ghoul
2025-08-16,1099,2720,6222,102,ghoul
2025-08-16,1100,-4256,7062,136,ghoul
2025-08-16,1101,186,7843,115,ghoul
2025-08-17,1088,5232,7501,106,ghoul
2025-08-17,1089,5674,7858,99,ghoul
2025-08-17,1090,2232,7693,110,ghoul
2025-08-17,1091,1395,9383,114,ghoul
2025-08-17,1092,-5512,7809,130,ghoul
2025-08-17,1093,-2977,7110,145,ghoul
2025-08-17,1094,-140,7912,139,ghoul
2025-08-17,1095,-5024,7537,137,ghoul
2025-08-17,1096,-7535,8046,149,ghoul
2025-08-17,1097,-5210,7623,162,ghoul
2025-08-17,1098,2930,8399,120,ghoul
2025-08-17,1099,1209,7863,111,ghoul
2025-08-17,1100,5674,7679,104,ghoul
2025-08-17,1101,837,7719,121,ghoul
2025-08-18,1088,7720,8037,104,ghoul
2025-08-18,1089,-5373,6154,166,ghoul
2025-08-18,1090,6790,7146,119,ghoul
2025-08-18,1091,-4466,6951,158,ghoul
2025-08-18,1092,2465,7061,101,ghoul
2025-08-18,1093,3488,7261,117,ghoul
2025-08-18,1094,5023,6684,119,ghoul
2025-08-18,1095,976,7946,130,ghoul
2025-08-18,1096,4813,9252,110,ghoul
2025-08-18,1097,-1745,6763,157,ghoul
2025-08-18,1098,-5233,7136,183,ghoul
2025-08-18,1099,-7349,7473,202,ghoul
2025-08-18,1100,3627,7455,105,ghoul
2025-08-18,1101,2186,6810,134,ghoul
2025-08-19,1088,-4187,6884,146,ghoul
2025-08-19,1089,3302,5853,143,ghoul
2025-08-19,1090,-2233,3908,140,ghoul
2025-08-19,1091,-1675,5224,154,ghoul
2025-08-19,1092,0,6513,155,ghoul
2025-08-19,1093,1302,4083,105,ghoul
2025-08-19,1094,-3907,5827,157,ghoul
2025-08-19,1095,-466,6690,113,ghoul
2025-08-19,1096,-2000,3855,133,ghoul
2025-08-19,1097,-5791,6794,162,ghoul
2025-08-19,1098,-2140,3786,122,ghoul
2025-08-19,1099,-1489,7175,128,ghoul
2025-08-19,1100,-3838,5255,155,ghoul
2025-08-19,1101,-4117,6215,178,ghoul
2025-08-21,1088,-3954,7627,136,ghoul
2025-08-21,1089,69,8028,115,ghoul
2025-08-21,1090,-1489,8201,132,ghoul
2025-08-21,1091,8372,7717,109,ghoul
2025-08-21,1092,-5024,6711,143,ghoul
2025-08-21,1093,-2861,7495,156,ghoul
2025-08-21,1094,8023,7493,82,ghoul
2025-08-21,1095,6418,8480,101,ghoul
2025-08-21,1096,-419,8525,147,ghoul
2025-08-21,1097,1860,7255,101,ghoul
2025-08-21,1098,-5094,6827,152,ghoul
2025-08-21,1099,2604,8891,102,ghoul
2025-08-21,1100,-3977,7433,149,ghoul
2025-08-21,1101,-94,7380,132,ghoul
2025-08-22,1088,7255,7065,75,ghoul
2025-08-22,1089,-5163,7450,186,ghoul
2025-08-22,1090,558,7370,150,ghoul
2025-08-22,1091,-7349,8163,181,ghoul
2025-08-22,1092,-2512,8413,117,ghoul
2025-08-22,1093,-3396,8819,128,ghoul
2025-08-22,1094,441,6511,112,ghoul
2025-08-22,1095,-3907,9042,144,ghoul
2025-08-22,1096,5930,9017,106,ghoul
2025-08-22,1097,139,7140,123,ghoul
2025-08-22,1098,-4466,8354,133,ghoul
2025-08-22,1099,-233,8979,103,ghoul
2025-08-22,1100,-2000,8309,136,ghoul
2025-08-22,1101,-6977,7228,157,ghoul
2025-08-23,1088,6139,7689,110,ghoul
2025-08-23,1089,2139,6627,102,ghoul
2025-08-23,1090,-280,7545,137,ghoul
2025-08-23,1091,4325,7467,111,ghoul
2025-08-23,1092,-24,7785,128,ghoul
2025-08-23,1093,4046,8160,118,ghoul
2025-08-23,1094,-721,6374,148,ghoul
2025-08-23,1095,1395,6996,119,ghoul
2025-08-23,1096,558,7798,142,ghoul
2025-08-23,1097,1465,7275,109,ghoul
2025-08-23,1098,-7070,8298,173,ghoul
2025-08-23,1099,5395,7205,106,ghoul
2025-08-23,1100,-1838,6921,128,ghoul
2025-08-23,1101,-233,7953,117,ghoul
2025-08-24,1088,279,8650,122,ghoul
2025-08-24,1089,11162,6723,90,ghoul
2025-08-24,1090,-7070,7637,166,ghoul
2025-08-24,1091,2976,7614,110,ghoul
2025-08-24,1092,-3280,7421,155,ghoul
2025-08-24,1093,-1768,7529,132,ghoul
2025-08-24,1094,7441,7747,90,ghoul
2025-08-24,1095,2093,7638,109,ghoul
2025-08-24,1096,-3768,5823,139,ghoul
2025-08-24,1097,-1187,7587,181,ghoul
2025-08-24,1098,5930,8841,118,ghoul
2025-08-24,1099,906,7837,117,ghoul
2025-08-24,1100,4186,7547,111,ghoul
2025-08-24,1101,-3024,7530,137,ghoul
2025-08-25,1088,837,8286,127,ghoul
2025-08-25,1089,-4535,7911,139,ghoul
2025-08-25,1090,-94,6960,139,ghoul
2025-08-25,1091,-6977,8062,179,ghoul
2025-08-25,1092,1813,7629,136,ghoul
2025-08-25,1093,1023,6809,148,ghoul
2025-08-25,1094,-3861,7457,146,ghoul
2025-08-25,1095,-4675,6053,144,ghoul
2025-08-25,1096,6627,7299,107,ghoul
2025-08-25,1097,558,8295,122,ghoul
2025-08-25,1098,-977,7780,162,ghoul
2025-08-25,1099,-4187,7672,137,ghoul
2025-08-25,1100,10883,7632,111,ghoul
2025-08-25,1101,1581,8020,123,ghoul
2025-08-26,1088,2279,7731,123,ghoul
2025-08-26,1089,-2512,6696,124,ghoul
2025-08-26,1090,-5303,7004,171,ghoul
2025-08-26,1091,6627,6694,156,ghoul
2025-08-26,1092,-5721,5723,179,ghoul
2025-08-26,1093,9186,7738,109,ghoul
2025-08-26,1094,-6140,7248,169,ghoul
2025-08-26,1095,-1814,4926,154,ghoul
2025-08-26,1096,-4884,7930,172,ghoul
2025-08-26,1097,-3070,8463,123,ghoul
2025-08-26,1098,4558,7506,121,ghoul
2025-08-26,1099,5953,5584,130,ghoul
2025-08-26,1100,-1814,6622,123,ghoul
2025-08-26,1101,697,8567,97,ghoul
2025-08-27,1088,-1303,8554,126,ghoul
2025-08-27,1089,-5094,8740,146,ghoul
2025-08-27,1090,8837,7722,91,ghoul
2025-08-27,1091,-2326,8618,123,ghoul
2025-08-27,1092,-605,9190,139,ghoul
2025-08-27,1093,5511,8519,87,ghoul
2025-08-27,1094,2465,8952,118,ghoul
2025-08-27,1095,5116,7734,103,ghoul
2025-08-27,1096,-5442,7522,157,ghoul
2025-08-27,1097,1395,8003,95,ghoul
2025-08-27,1098,-1396,6725,114,ghoul
2025-08-27,1099,-4954,8619,137,ghoul
2025-08-27,1100,-4535,8186,154,ghoul
2025-08-27,1101,-791,8761,125,ghoul
2025-08-28,1088,-2233,5931,116,ghoul
2025-08-28,1089,4186,9153,97,ghoul
2025-08-28,1090,-4605,6771,138,ghoul
2025-08-28,1091,3395,7305,103,ghoul
2025-08-28,1092,-3582,8182,128,ghoul
2025-08-28,1093,2232,5484,122,ghoul
2025-08-28,1094,-6512,6892,186,ghoul
2025-08-28,1095,1813,6953,118,ghoul
2025-08-28,1096,-4535,6936,145,ghoul
2025-08-28,1097,-7675,9470,153,ghoul
2025-08-28,1098,-47,5743,160,ghoul
2025-08-28,1099,8488,7376,137,ghoul
2025-08-28,1100,2790,6218,115,ghoul
2025-08-28,1101,4674,6420,121,ghoul
2025-08-29,1088,5023,5846,101,ghoul
2025-08-29,1089,1395,4074,107,ghoul
2025-08-29,1090,976,4598,112,ghoul
2025-08-29,1091,-605,5341,141,ghoul
2025-08-29,1092,-1814,6512,125,ghoul
2025-08-29,1093,-4117,4287,159,ghoul
2025-08-29,1094,8139,4336,96,ghoul
2025-08-29,1095,-1652,4401,129,ghoul
2025-08-29,1096,-2094,3495,129,ghoul
2025-08-29,1097,2558,3184,122,ghoul
2025-08-29,1098,-2652,2854,220,ghoul
2025-08-29,1099,1441,6299,143,ghoul
2025-08-29,1100,348,3992,102,ghoul
2025-08-29,1101,-3628,4313,173,ghoul
2025-08-30,1088,-1349,7425,130,ghoul
2025-08-30,1089,1348,8017,118,ghoul
2025-08-30,1090,279,6833,108,ghoul
2025-08-30,1091,-768,8122,114,ghoul
2025-08-30,1092,2372,7292,122,ghoul
2025-08-30,1093,5767,8366,102,ghoul
2025-08-30,1094,-2094,7850,117,ghoul
2025-08-30,1095,-4187,8753,137,ghoul
2025-08-30,1096,5488,8515,117,ghoul
2025-08-30,1097,2604,6399,139,ghoul
2025-08-30,1098,6883,7868,123,ghoul
2025-08-30,1099,-931,6134,133,ghoul
2025-08-30,1100,-1163,7888,158,ghoul
2025-08-30,1101,-3140,7531,130,ghoul
2025-08-31,1088,1325,6757,121,ghoul
2025-08-31,1089,-1373,5518,120,ghoul
2025-08-31,1090,4813,8429,136,ghoul
2025-08-31,1091,3418,6294,119,ghoul
2025-08-31,1092,4325,7278,91,ghoul
2025-08-31,1093,-5373,6434,165,ghoul
2025-08-31,1094,5372,8710,121,ghoul
2025-08-31,1095,-2745,5982,142,ghoul
2025-08-31,1096,-5373,5301,183,ghoul
2025-08-31,1097,14325,8708,85,ghoul
2025-08-31,1098,837,7625,131,ghoul
2025-08-31,1099,-4117,6138,150,ghoul
2025-08-31,1100,-2140,5942,161,ghoul
2025-08-31,1101,6232,8253,95,ghoul
2025-09-01,1088,-3024,7979,131,ghoul
2025-09-01,1089,1860,7808,117,ghoul
2025-09-01,1090,-4047,6764,150,ghoul
2025-09-01,1091,-2280,7385,137,ghoul
2025-09-01,1092,-6512,6490,158,ghoul
2025-09-01,1093,-1582,6590,118,ghoul
2025-09-01,1094,-3419,7971,125,ghoul
2025-09-01,1095,1604,8171,120,ghoul
2025-09-01,1096,4186,7008,97,ghoul
2025-09-01,1097,372,7997,114,ghoul
2025-09-01,1098,-2931,8525,120,ghoul
2025-09-01,1099,697,7335,118,ghoul
2025-09-01,1100,-373,6471,118,ghoul
2025-09-01,1101,2093,6793,108,ghoul
2025-09-02,1088,-3768,7426,135,ghoul
2025-09-02,1089,-4605,6291,185,ghoul
2025-09-02,1090,-4187,6305,131,ghoul
2025-09-02,1091,-47,2837,135,ghoul
2025-09-02,1092,8139,7389,106,ghoul
2025-09-02,1093,-3861,5045,153,ghoul
2025-09-02,1094,-2791,6256,145,ghoul
2025-09-02,1095,5162,6200,111,ghoul
2025-09-02,1096,-1349,6734,127,ghoul
2025-09-02,1097,-466,5999,125,ghoul
2025-09-02,1098,-1326,6404,131,ghoul
2025-09-02,1099,1441,8267,102,ghoul
2025-09-02,1100,372,5873,147,ghoul
2025-09-02,1101,3906,7363,108,ghoul
2025-09-03,1088,558,7726,125,ghoul
2025-09-03,1089,3441,8294,109,ghoul
2025-09-03,1090,-4814,9092,134,ghoul
2025-09-03,1091,-5163,8585,146,ghoul
2025-09-03,1092,-1628,8325,126,ghoul
2025-09-03,1093,-4605,7980,138,ghoul
2025-09-03,1094,697,8177,104,ghoul
2025-09-03,1095,1906,5422,113,ghoul
2025-09-03,1096,-4954,7132,149,ghoul
2025-09-03,1097,1813,6801,128,ghoul
2025-09-03,1098,-3210,7826,130,ghoul
2025-09-03,1099,-3628,7062,150,ghoul
2025-09-03,1100,-24,8062,124,ghoul
2025-09-03,1101,-3280,8092,140,ghoul
2025-09-04,1088,-6233,7024,153,ghoul
2025-09-04,1089,1046,7661,122,ghoul
2025-09-04,1090,-1000,4048,112,ghoul
2025-09-04,1091,-4884,7285,152,ghoul
2025-09-04,1092,-2303,6413,134,ghoul
2025-09-04,1093,4534,7839,106,ghoul
2025-09-04,1094,-2000,8332,137,ghoul
2025-09-04,1095,-4814,7333,131,ghoul
2025-09-04,1096,-3489,4549,168,ghoul
2025-09-04,1097,-4535,6088,174,ghoul
2025-09-04,1098,-5233,6608,165,ghoul
2025-09-04,1099,-94,7415,114,ghoul
2025-09-04,1100,1906,6901,128,ghoul
2025-09-04,1101,-3721,6881,138,ghoul
2025-09-05,1088,-280,8267,131,ghoul
2025-09-05,1089,5860,6442,99,ghoul
2025-09-05,1090,-1512,7052,136,ghoul
2025-09-05,1091,232,8720,125,ghoul
2025-09-05,1092,1953,8136,107,ghoul
2025-09-05,1093,-3582,8171,143,ghoul
2025-09-05,1094,1116,6957,102,ghoul
2025-09-05,1095,2046,7366,108,ghoul
2025-09-05,1096,2139,7953,112,ghoul
2025-09-05,1097,5651,7831,91,ghoul
2025-09-05,1098,-187,7112,129,ghoul
2025-09-05,1099,-3210,7291,143,ghoul
2025-09-05,1100,-7907,7911,193,ghoul
2025-09-05,1101,-3721,8043,139,ghoul
2025-09-06,1088,11162,8107,110,ghoul
2025-09-06,1089,-2000,8082,137,ghoul
2025-09-06,1090,-3442,7533,140,ghoul
2025-09-06,1091,744,7563,130,ghoul
2025-09-06,1092,-4745,8134,166,ghoul
2025-09-06,1093,6790,8315,89,ghoul
2025-09-06,1094,-94,7488,117,ghoul
2025-09-06,1095,3627,7002,105,ghoul
2025-09-06,1096,-838,6157,128,ghoul
2025-09-06,1097,-5512,7239,165,ghoul
2025-09-06,1098,976,7619,107,ghoul
2025-09-06,1099,5860,9400,99,ghoul
2025-09-06,1100,3767,7801,89,ghoul
2025-09-06,1101,-1419,7070,136,ghoul
2025-09-07,1088,4093,8029,106,ghoul
2025-09-07,1089,7348,8846,112,ghoul
2025-09-07,1090,2790,6431,99,ghoul
2025-09-07,1091,2837,8699,130,ghoul
2025-09-07,1092,-4117,7658,150,ghoul
2025-09-07,1093,4186,9420,91,ghoul
2025-09-07,1094,2372,8282,124,ghoul
2025-09-07,1095,-559,7049,128,ghoul
2025-09-07,1096,-2326,7419,124,ghoul
2025-09-07,1097,2093,7755,109,ghoul
2025-09-07,1098,4255,9076,119,ghoul
2025-09-07,1099,6325,8752,115,ghoul
2025-09-07,1100,-3070,7486,153,ghoul
2025-09-07,1101,-977,8251,106,ghoul
2025-09-09,1088,813,6811,129,ghoul
2025-09-09,1089,10883,8680,81,ghoul
2025-09-09,1090,-3582,6165,171,ghoul
2025-09-09,1091,-1024,8087,135,ghoul
2025-09-09,1092,2093,7509,110,ghoul
2025-09-09,1093,-4745,8396,171,ghoul
2025-09-09,1094,-5303,7147,174,ghoul
2025-09-09,1095,1604,8200,108,ghoul
2025-09-09,1096,8000,7216,115,ghoul
2025-09-09,1097,4953,7259,117,ghoul
2025-09-09,1098,1953,8198,152,ghoul
2025-09-09,1099,-5582,8137,127,ghoul
2025-09-09,1100,-3582,6900,144,ghoul
2025-09-09,1101,3813,8584,106,ghoul
2025-09-10,1088,-4117,6088,138,ghoul
2025-09-10,1089,-1582,4395,133,ghoul
2025-09-10,1090,-4256,7971,150,ghoul
2025-09-10,1091,-2745,5663,153,ghoul
2025-09-10,1092,3674,5401,106,ghoul
2025-09-10,1093,2441,6049,116,ghoul
2025-09-10,1094,279,5922,123,ghoul
2025-09-10,1095,-628,4776,122,ghoul
2025-09-10,1096,-2419,6384,156,ghoul
2025-09-10,1097,1627,5987,146,ghoul
2025-09-10,1098,-2140,3726,133,ghoul
2025-09-10,1099,1255,5433,94,ghoul
2025-09-10,1100,1186,7395,103,ghoul
2025-09-10,1101,-1396,3813,112,ghoul
2025-09-11,1088,3534,8276,106,ghoul
2025-09-11,1089,-1721,6431,113,ghoul
2025-09-11,1090,4255,7349,108,ghoul
2025-09-11,1091,906,7717,117,ghoul
2025-09-11,1092,-3163,8755,120,ghoul
2025-09-11,1093,3837,5120,88,ghoul
2025-09-11,1094,-3349,8394,133,ghoul
2025-09-11,1095,325,8105,137,ghoul
2025-09-11,1096,-3628,7190,147,ghoul
2025-09-11,1097,1744,7852,117,ghoul
2025-09-11,1098,-3954,4829,151,ghoul
2025-09-11,1099,-4466,6252,152,ghoul
2025-09-11,1100,2976,7477,117,ghoul
2025-09-11,1101,604,8129,118,ghoul
2025-09-12,1088,976,8517,129,ghoul
2025-09-12,1089,1627,7577,117,ghoul
2025-09-12,1090,-3024,6303,162,ghoul
2025-09-12,1091,3558,7931,115,ghoul
2025-09-12,1092,-187,6551,117,ghoul
2025-09-12,1093,6604,7553,99,ghoul
2025-09-12,1094,837,6926,133,ghoul
2025-09-12,1095,4046,8615,108,ghoul
2025-09-12,1096,6697,8128,108,ghoul
2025-09-12,1097,-977,7442,133,ghoul
2025-09-12,1098,2279,8196,128,ghoul
2025-09-12,1099,5930,7336,94,ghoul
2025-09-12,1100,-1396,7071,141,ghoul
2025-09-12,1101,1813,7526,132,ghoul
2025-09-13,1088,-4884,6515,163,ghoul
2025-09-13,1089,-140,6791,170,ghoul
2025-09-13,1090,139,7913,120,ghoul
2025-09-13,1091,-4047,8318,136,ghoul
2025-09-13,1092,-3559,6566,115,ghoul
2025-09-13,1093,5767,7866,104,ghoul
2025-09-13,1094,-4256,6147,146,ghoul
2025-09-13,1095,2023,8489,116,ghoul
2025-09-13,1096,-6512,7434,165,ghoul
2025-09-13,1097,5860,8803,105,ghoul
2025-09-13,1098,1325,7604,106,ghoul
2025-09-13,1099,-3861,7766,123,ghoul
2025-09-13,1100,-1256,7995,157,ghoul
2025-09-13,1101,-6233,7441,158,ghoul
2025-09-14,1088,3627,6556,109,ghoul
2025-09-14,1089,-1628,8507,133,ghoul
2025-09-14,1090,-5442,6289,175,ghoul
2025-09-14,1091,-4535,7144,146,ghoul
2025-09-14,1092,4116,7165,116,ghoul
2025-09-14,1093,-6884,7154,183,ghoul
2025-09-14,1094,-3442,7865,136,ghoul
2025-09-14,1095,-2861,6886,128,ghoul
2025-09-14,1096,441,5596,108,ghoul
2025-09-14,1097,-3117,6558,129,ghoul
2025-09-14,1098,-5861,7095,177,ghoul
2025-09-14,1099,-884,6138,143,ghoul
2025-09-14,1100,4883,7209,120,ghoul
2025-09-14,1101,3906,6577,120,ghoul
2025-09-15,1088,3069,5224,149,ghoul
2025-09-15,1089,6697,5138,99,ghoul
2025-09-15,1090,3441,6899,100,ghoul
2025-09-15,1091,-3628,6559,131,ghoul
2025-09-15,1092,-3489,5622,134,ghoul
2025-09-15,1093,-1861,2102,162,ghoul
2025-09-15,1094,-3628,8423,138,ghoul
2025-09-15,1095,-3442,5667,157,ghoul
2025-09-15,1096,2720,5473,133,ghoul
2025-09-15,1097,-6419,8404,147,ghoul
2025-09-15,1098,-5791,6096,203,ghoul
2025-09-15,1099,-4117,7139,143,ghoul
2025-09-15,1100,-2466,3700,154,ghoul
2025-09-15,1101,-1396,6821,166,ghoul
2025-09-16,1088,-605,7829,154,ghoul
2025-09-16,1089,-5163,5782,207,ghoul
2025-09-16,1090,-210,7720,131,ghoul
2025-09-16,1091,-2233,6784,128,ghoul
2025-09-16,1092,-2187,7390,134,ghoul
2025-09-16,1093,-5373,6451,195,ghoul
2025-09-16,1094,-2977,7049,124,ghoul
2025-09-16,1095,767,5693,121,ghoul
2025-09-16,1096,-582,7512,110,ghoul
2025-09-16,1097,9767,8908,97,ghoul
2025-09-16,1098,1162,7850,103,ghoul
2025-09-16,1099,1767,5309,129,ghoul
2025-09-16,1100,-7721,6469,240,ghoul
2025-09-16,1101,-1256,4942,150,ghoul
2025-09-17,1088,4744,8042,104,ghoul
2025-09-17,1089,-4535,6848,163,ghoul
2025-09-17,1090,0,6782,119,ghoul
2025-09-17,1091,-1489,9014,137,ghoul
2025-09-17,1092,-2233,9160,129,ghoul
2025-09-17,1093,-280,9070,113,ghoul
2025-09-17,1094,-2559,8168,134,ghoul
2025-09-17,1095,-2931,7640,129,ghoul
2025-09-17,1096,-2605,8955,142,ghoul
2025-09-17,1097,883,9558,114,ghoul
2025-09-17,1098,5720,7961,122,ghoul
2025-09-17,1099,7209,7869,90,ghoul
2025-09-17,1100,5441,8466,94,ghoul
2025-09-17,1101,6883,7433,102,ghoul
2025-09-18,1088,-5303,6187,163,ghoul
2025-09-18,1089,-4675,8479,139,ghoul
2025-09-18,1090,-2559,8439,153,ghoul
2025-09-18,1091,-6419,9094,152,ghoul
2025-09-18,1092,-326,8305,122,ghoul
2025-09-18,1093,6976,8602,98,ghoul
2025-09-18,1094,5651,5680,111,ghoul
2025-09-18,1095,17162,8942,95,ghoul
2025-09-18,1096,6139,8190,93,ghoul
2025-09-18,1097,3906,7582,113,ghoul
2025-09-18,1098,-2977,7501,121,ghoul
2025-09-18,1099,2046,7447,138,ghoul
2025-09-18,1100,-2163,7484,141,ghoul
2025-09-18,1101,-5582,8388,145,ghoul
2025-09-19,1088,-1163,6624,114,ghoul
2025-09-19,1089,-2652,4563,143,ghoul
2025-09-19,1090,-233,7371,113,ghoul
2025-09-19,1091,-2187,4254,147,ghoul
2025-09-19,1092,-535,6493,114,ghoul
2025-09-19,1093,8372,5183,104,ghoul
2025-09-19,1094,3581,6796,96,ghoul
2025-09-19,1095,-1582,3265,113,ghoul
2025-09-19,1096,3674,5416,113,ghoul
2025-09-19,1097,-1047,7341,127,ghoul
2025-09-19,1098,-2791,4288,165,ghoul
2025-09-19,1099,-2791,6348,148,ghoul
2025-09-19,1100,-1814,2678,116,ghoul
2025-09-19,1101,755,7177,109,ghoul
2025-09-20,1088,2093,6718,120,ghoul
2025-09-20,1089,1348,6374,114,ghoul
2025-09-20,1090,9186,8601,82,ghoul
2025-09-20,1091,-2791,8480,133,ghoul
2025-09-20,1092,-442,6980,137,ghoul
2025-09-20,1093,-2047,8140,116,ghoul
2025-09-20,1094,-3024,6013,163,ghoul
2025-09-20,1095,-5582,7073,168,ghoul
2025-09-20,1096,-419,6136,133,ghoul
2025-09-20,1097,-4187,6702,156,ghoul
2025-09-20,1098,-8605,8672,193,ghoul
2025-09-20,1099,-5582,7929,155,ghoul
2025-09-20,1100,7813,9519,87,ghoul
2025-09-20,1101,1395,8310,107,ghoul
2025-09-21,1088,1953,8213,137,ghoul
2025-09-21,1089,6325,8351,121,ghoul
2025-09-21,1090,2093,6736,125,ghoul
2025-09-21,1091,3860,7357,96,ghoul
2025-09-21,1092,3441,8129,116,ghoul
2025-09-21,1093,1255,6952,114,ghoul
2025-09-21,1094,-2652,6295,146,ghoul
2025-09-21,1095,-2512,7847,133,ghoul
2025-09-21,1096,0,7546,157,ghoul
2025-09-21,1097,4395,8368,95,ghoul
2025-09-21,1098,418,7388,130,ghoul
2025-09-21,1099,-233,7573,146,ghoul
2025-09-21,1100,-4605,6551,156,ghoul
2025-09-21,1101,3627,9238,100,ghoul
2025-09-22,1088,-466,7050,108,ghoul
2025-09-22,1089,558,7086,154,ghoul
2025-09-22,1090,-698,2693,128,ghoul
2025-09-22,1091,-2977,3499,219,ghoul
2025-09-22,1092,-4535,7607,169,ghoul
2025-09-22,1093,-3489,7515,134,ghoul
2025-09-22,1094,558,6465,162,ghoul
2025-09-22,1095,-3977,4075,177,ghoul
2025-09-22,1096,-1861,6332,176,ghoul
2025-09-22,1097,-1768,3198,128,ghoul
2025-09-22,1098,1581,7168,112,ghoul
2025-09-22,1099,-1652,7076,157,ghoul
2025-09-22,1100,-2419,5586,130,ghoul
2025-09-22,1101,1720,6249,133,ghoul
2025-09-23,1088,-5954,6858,171,ghoul
2025-09-23,1089,-2791,8025,113,ghoul
2025-09-23,1090,372,7449,135,ghoul
2025-09-23,1091,-2094,8599,107,ghoul
2025-09-23,1092,-1303,6924,115,ghoul
2025-09-23,1093,3279,7667,114,ghoul
2025-09-23,1094,1627,8540,111,ghoul
2025-09-23,1095,-4535,6498,133,ghoul
2025-09-23,1096,2418,8099,117,ghoul
2025-09-23,1097,325,6714,146,ghoul
2025-09-23,1098,-931,5025,144,ghoul
2025-09-23,1099,-3838,5875,151,ghoul
2025-09-23,1100,-3582,5382,163,ghoul
2025-09-23,1101,-1535,6357,187,ghoul
2025-09-24,1088,-2303,5575,133,ghoul
2025-09-24,1089,-5094,8634,137,ghoul
2025-09-24,1090,-3349,4359,145,ghoul
2025-09-24,1091,0,7414,126,ghoul
2025-09-24,1092,-3070,4672,146,ghoul
2025-09-24,1093,-2233,4206,127,ghoul
2025-09-24,1094,-2466,3289,143,ghoul
2025-09-24,1095,3627,6896,108,ghoul
2025-09-24,1096,-3489,5857,150,ghoul
2025-09-24,1097,2372,3398,131,ghoul
2025-09-24,1098,-1280,1965,164,ghoul
2025-09-24,1099,1813,6783,147,ghoul
2025-09-24,1100,-3163,6010,154,ghoul
2025-09-24,1101,-303,4862,135,ghoul
2025-09-26,1088,-5721,7007,152,ghoul
2025-09-26,1089,1906,8412,115,ghoul
2025-09-26,1090,-2233,8209,130,ghoul
2025-09-26,1091,13837,7994,82,ghoul
2025-09-26,1092,2860,7799,132,ghoul
2025-09-26,1093,-4605,6974,132,ghoul
2025-09-26,1094,-4745,7120,148,ghoul
2025-09-26,1095,-2140,7377,148,ghoul
2025-09-26,1096,2465,8943,103,ghoul
2025-09-26,1097,-2559,5441,133,ghoul
2025-09-26,1098,-3070,7799,126,ghoul
2025-09-26,1099,2093,7183,118,ghoul
2025-09-26,1100,-3814,8909,120,ghoul
2025-09-26,1101,-4814,5820,146,ghoul
2025-09-27,1088,-1675,8305,120,ghoul
2025-09-27,1089,-4745,6555,131,ghoul
2025-09-27,1090,6790,8131,104,ghoul
2025-09-27,1091,2139,7981,123,ghoul
2025-09-27,1092,-4396,7828,128,ghoul
2025-09-27,1093,-210,6798,121,ghoul
2025-09-27,1094,3976,8102,108,ghoul
2025-09-27,1095,-5094,6001,171,ghoul
2025-09-27,1096,-2163,6506,123,ghoul
2025-09-27,1097,-2024,6547,139,ghoul
2025-09-27,1098,-2187,7285,152,ghoul
2025-09-27,1099,-3535,5732,122,ghoul
2025-09-27,1100,-1024,8543,117,ghoul
2025-09-27,1101,8139,8204,107,ghoul
2025-09-28,1088,3627,6940,98,ghoul
2025-09-28,1089,3139,7808,99,ghoul
2025-09-28,1090,232,8449,126,ghoul
2025-09-28,1091,2790,7592,146,ghoul
2025-09-28,1092,-1535,6057,124,ghoul
2025-09-28,1093,-4000,8329,163,ghoul
2025-09-28,1094,-4256,7205,144,ghoul
2025-09-28,1095,7162,5557,93,ghoul
2025-09-28,1096,7558,7466,111,ghoul
2025-09-28,1097,627,6513,118,ghoul
2025-09-28,1098,534,8073,122,ghoul
2025-09-28,1099,5674,7971,119,ghoul
2025-09-28,1100,5162,6948,110,ghoul
2025-09-28,1101,790,7524,130,ghoul
2025-09-29,1088,-838,8488,129,ghoul
2025-09-29,1089,372,4287,107,ghoul
2025-09-29,1090,-5442,7209,160,ghoul
2025-09-29,1091,-4466,7580,146,ghoul
2025-09-29,1092,3348,7163,105,ghoul
2025-09-29,1093,2883,7907,111,ghoul
2025-09-29,1094,-5163,5197,226,ghoul
2025-09-29,1095,-1489,5788,138,ghoul
2025-09-29,1096,-1512,3047,145,ghoul
2025-09-29,1097,-3907,3820,174,ghoul
2025-09-29,1098,-5163,6005,177,ghoul
2025-09-29,1099,3767,5949,103,ghoul
2025-09-29,1100,325,5081,127,ghoul
2025-09-29,1101,-3489,6689,126,ghoul
2025-09-30,1088,-2233,7094,151,ghoul
2025-09-30,1089,1162,4678,138,ghoul
2025-09-30,1090,2186,6074,179,ghoul
2025-09-30,1091,511,5586,143,ghoul
2025-09-30,1092,-3442,6602,138,ghoul
2025-09-30,1093,-931,6173,131,ghoul
2025-09-30,1094,-977,5434,118,ghoul
2025-09-30,1095,-4954,4883,188,ghoul
2025-09-30,1096,1534,6287,95,ghoul
2025-09-30,1097,6697,4377,84,ghoul
2025-09-30,1098,-4745,5124,190,ghoul
2025-09-30,1099,-5861,5418,226,ghoul
2025-09-30,1100,-4094,8133,127,ghoul
2025-09-30,1101,-1535,4642,145,ghoul
2025-10-01,1088,-6047,8110,169,ghoul
2025-10-01,1089,-1256,8015,121,ghoul
2025-10-01,1090,-2931,8997,114,ghoul
2025-10-01,1091,-6140,7946,153,ghoul
2025-10-01,1092,930,6239,116,ghoul
2025-10-01,1093,9069,6779,109,ghoul
2025-10-01,1094,-1303,8152,105,ghoul
2025-10-01,1095,-2466,6346,135,ghoul
2025-10-01,1096,-5582,7191,167,ghoul
2025-10-01,1097,3768,7738,123,ghoul
2025-10-01,1098,4744,7069,91,ghoul
2025-10-01,1099,12465,8246,88,ghoul
2025-10-01,1100,627,6975,114,ghoul
2025-10-01,1101,3000,7253,113,ghoul
2025-10-02,1088,-4396,7292,143,ghoul
2025-10-02,1089,-466,7530,102,ghoul
2025-10-02,1090,6046,7553,94,ghoul
2025-10-02,1091,-3396,3722,162,ghoul
2025-10-02,1092,325,3303,165,ghoul
2025-10-02,1093,-1256,5983,130,ghoul
2025-10-02,1094,-1233,6790,117,ghoul
2025-10-02,1095,-3907,4661,166,ghoul
2025-10-02,1096,-1349,4397,176,ghoul
2025-10-02,1097,-931,4008,148,ghoul
2025-10-02,1098,-1117,3901,130,ghoul
2025-10-02,1099,-3070,4188,150,ghoul
2025-10-02,1100,-466,2556,111,ghoul
2025-10-02,1101,-5861,6319,186,ghoul
2025-10-03,1088,-5512,8181,149,ghoul
2025-10-03,1089,2441,7731,107,ghoul
2025-10-03,1090,-1326,5408,120,ghoul
2025-10-03,1091,-3210,4528,156,ghoul
2025-10-03,1092,6418,7608,109,ghoul
2025-10-03,1093,-326,5026,140,ghoul
2025-10-03,1094,3069,5601,122,ghoul
2025-10-03,1095,-1256,5126,125,ghoul
2025-10-03,1096,-1024,6508,138,ghoul
2025-10-03,1097,-3489,4659,150,ghoul
2025-10-03,1098,-3256,5580,127,ghoul
2025-10-03,1099,2162,4763,119,ghoul
2025-10-03,1100,1674,6955,122,ghoul
2025-10-03,1101,-4884,5358,185,ghoul
2025-10-04,1088,1581,8787,126,ghoul
2025-10-04,1089,-4535,6654,133,ghoul
2025-10-04,1090,-187,7798,142,ghoul
2025-10-04,1091,-3698,6693,156,ghoul
2025-10-04,1092,-280,7684,140,ghoul
2025-10-04,1093,-4605,8137,148,ghoul
2025-10-04,1094,4883,6714,114,ghoul
2025-10-04,1095,-698,7148,119,ghoul
2025-10-04,1096,-1814,7046,128,ghoul
2025-10-04,1097,2511,9417,100,ghoul
2025-10-04,1098,-4675,7081,134,ghoul
2025-10-04,1099,-2977,7626,139,ghoul
2025-10-04,1100,2139,7247,119,ghoul
2025-10-04,1101,3906,7749,123,ghoul
2025-10-05,1088,2279,8341,107,ghoul
2025-10-05,1089,1674,8249,98,ghoul
2025-10-05,1090,-3256,6702,124,ghoul
2025-10-05,1091,-2605,5297,126,ghoul
2025-10-05,1092,1534,6663,128,ghoul
2025-10-05,1093,12000,8654,90,ghoul
2025-10-05,1094,8255,6748,112,ghoul
2025-10-05,1095,1302,7222,129,ghoul
2025-10-05,1096,2651,6649,106,ghoul
2025-10-05,1097,2604,9158,102,ghoul
2025-10-05,1098,-4466,7313,124,ghoul
2025-10-05,1099,8023,6066,132,ghoul
2025-10-05,1100,-233,8241,125,ghoul
2025-10-05,1101,511,3634,130,ghoul
2025-10-06,1088,-5233,7783,134,ghoul
2025-10-06,1089,2651,7564,118,ghoul
2025-10-06,1090,-977,8938,135,ghoul
2025-10-06,1091,-187,7039,130,ghoul
2025-10-06,1092,-2745,6256,184,ghoul
2025-10-06,1093,837,6796,136,ghoul
2025-10-06,1094,1441,5533,108,ghoul
2025-10-06,1095,-3628,7013,156,ghoul
2025-10-06,1096,2883,6552,121,ghoul
2025-10-06,1097,-1419,7269,121,ghoul
2025-10-06,1098,-1907,6947,129,ghoul
2025-10-06,1099,1744,8288,145,ghoul
2025-10-06,1100,-2745,6224,141,ghoul
2025-10-06,1101,-1954,8421,134,ghoul
2025-10-07,1088,-698,8837,130,ghoul
2025-10-07,1089,3488,8810,101,ghoul
2025-10-07,1090,-1117,7682,160,ghoul
2025-10-07,1091,186,8593,106,ghoul
2025-10-07,1092,-559,8265,123,ghoul
2025-10-07,1093,-3210,8072,135,ghoul
2025-10-07,1094,3488,7876,129,ghoul
2025-10-07,1095,-512,7142,113,ghoul
2025-10-07,1096,-2559,7631,134,ghoul
2025-10-07,1097,-3280,8538,145,ghoul
2025-10-07,1098,-2559,7396,132,ghoul
2025-10-07,1099,2000,8493,133,ghoul
2025-10-07,1100,-1024,7320,113,ghoul
2025-10-07,1101,2651,7996,131,ghoul
2025-10-08,1088,-1163,8081,135,ghoul
2025-10-08,1089,5302,7714,98,ghoul
2025-10-08,1090,-4280,8508,161,ghoul
2025-10-08,1091,-2094,7447,146,ghoul
2025-10-08,1092,-1582,9001,120,ghoul
2025-10-08,1093,-1489,7754,144,ghoul
2025-10-08,1094,-7349,7772,181,ghoul
2025-10-08,1095,-419,6512,121,ghoul
2025-10-08,1096,5302,8061,120,ghoul
2025-10-08,1097,-280,8333,121,ghoul
2025-10-08,1098,5023,8658,124,ghoul
2025-10-08,1099,-838,8175,134,ghoul
2025-10-08,1100,-5861,7390,161,ghoul
2025-10-08,1101,-5117,7766,155,ghoul
2025-10-10,1088,3162,8145,116,ghoul
2025-10-10,1089,4883,8493,129,ghoul
2025-10-10,1090,-5303,9365,144,ghoul
2025-10-10,1091,-1768,8778,110,ghoul
2025-10-10,1092,-907,9147,119,ghoul
2025-10-10,1093,-3117,8064,139,ghoul
2025-10-10,1094,3906,7562,89,ghoul
2025-10-10,1095,5488,8716,94,ghoul
2025-10-10,1096,-1419,9030,120,ghoul
2025-10-10,1097,-6419,8363,147,ghoul
2025-10-10,1098,-1931,7915,108,ghoul
2025-10-10,1099,-2977,9090,120,ghoul
2025-10-10,1100,604,8458,123,ghoul
2025-10-10,1101,-3024,8862,120,ghoul
2025-10-11,1088,2860,7887,131,ghoul
2025-10-11,1089,-5163,7257,145,ghoul
2025-10-11,1090,3906,7295,126,ghoul
2025-10-11,1091,13511,8490,95,ghoul
2025-10-11,1092,4604,6555,124,ghoul
2025-10-11,1093,3674,7034,108,ghoul
2025-10-11,1094,2093,6454,122,ghoul
2025-10-11,1095,-4954,5674,172,ghoul
2025-10-11,1096,1744,7544,130,ghoul
2025-10-11,1097,5023,8273,105,ghoul
2025-10-11,1098,2232,6162,154,ghoul
2025-10-11,1099,-7256,7407,161,ghoul
2025-10-11,1100,1674,7550,128,ghoul
2025-10-11,1101,-2652,7101,127,ghoul
2025-10-12,1088,69,7893,155,ghoul
2025-10-12,1089,6139,7127,90,ghoul
2025-10-12,1090,4186,6312,103,ghoul
2025-10-12,1091,-3861,3589,224,ghoul
2025-10-12,1092,-4117,8001,163,ghoul
2025-10-12,1093,372,7362,112,ghoul
2025-10-12,1094,-698,6422,113,ghoul
2025-10-12,1095,-3489,6570,160,ghoul
2025-10-12,1096,1767,6840,127,ghoul
2025-10-12,1097,-5024,5336,198,ghoul
2025-10-12,1098,2930,7154,121,ghoul
2025-10-12,1099,8372,7691,110,ghoul
2025-10-12,1100,4953,5210,102,ghoul
2025-10-12,1101,-2140,5339,121,ghoul
2025-10-13,1088,372,5160,136,ghoul
2025-10-13,1089,2837,5353,137,ghoul
2025-10-13,1090,5023,7939,106,ghoul
2025-10-13,1091,-94,5497,134,ghoul
2025-10-13,1092,-2745,4644,145,ghoul
2025-10-13,1093,-1024,7876,116,ghoul
2025-10-13,1094,93,6397,136,ghoul
2025-10-13,1095,860,6980,125,ghoul
2025-10-13,1096,-4396,6510,186,ghoul
2025-10-13,1097,1162,7266,151,ghoul
2025-10-13,1098,-3396,5726,164,ghoul
2025-10-13,1099,-1024,6730,122,ghoul
2025-10-13,1100,-3396,4529,189,ghoul
2025-10-13,1101,1627,4026,115,ghoul
2025-10-14,1088,-2884,6499,138,ghoul
2025-10-14,1089,4255,6766,121,ghoul
2025-10-14,1090,-3582,4899,153,ghoul
2025-10-14,1091,10325,7214,74,ghoul
2025-10-14,1092,-5512,9035,135,ghoul
2025-10-14,1093,1255,5989,103,ghoul
2025-10-14,1094,-4884,8391,135,ghoul
2025-10-14,1095,-1489,4782,106,ghoul
2025-10-14,1096,3813,7232,125,ghoul
2025-10-14,1097,6232,7333,94,ghoul
2025-10-14,1098,4116,6910,111,ghoul
2025-10-14,1099,5651,7197,104,ghoul
2025-10-14,1100,-4745,6881,153,ghoul
2025-10-14,1101,1325,7296,126,ghoul
2025-10-15,1088,5302,6906,89,ghoul
2025-10-15,1089,-326,6518,128,ghoul
2025-10-15,1090,-4047,4500,173,ghoul
2025-10-15,1091,-1838,8096,133,ghoul
2025-10-15,1092,-6605,6647,185,ghoul
2025-10-15,1093,6139,6356,104,ghoul
2025-10-15,1094,-2931,5682,178,ghoul
2025-10-15,1095,-3303,6558,140,ghoul
2025-10-15,1096,6790,6395,112,ghoul
2025-10-15,1097,-7070,7806,182,ghoul
2025-10-15,1098,-1559,7261,123,ghoul
2025-10-15,1099,-94,6954,120,ghoul
2025-10-15,1100,-698,6077,119,ghoul
2025-10-15,1101,93,6671,128,ghoul
2025-10-16,1088,6511,7224,109,ghoul
2025-10-16,1089,-3977,4366,156,ghoul
2025-10-16,1090,279,7271,110,ghoul
2025-10-16,1091,3069,7294,122,ghoul
2025-10-16,1092,2651,5402,115,ghoul
2025-10-16,1093,-5303,6942,165,ghoul
2025-10-16,1094,-3489,7550,154,ghoul
2025-10-16,1095,46,7914,116,ghoul
2025-10-16,1096,-1698,7545,113,ghoul
2025-10-16,1097,-4814,6993,155,ghoul
2025-10-16,1098,-94,6489,175,ghoul
2025-10-16,1099,-3256,5913,164,ghoul
2025-10-16,1100,-3559,5607,144,ghoul
2025-10-16,1101,-466,8401,112,ghoul
2025-10-17,1088,8255,8351,94,ghoul
2025-10-17,1089,-5094,7779,139,ghoul
2025-10-17,1090,116,7722,151,ghoul
2025-10-17,1091,-5582,7232,161,ghoul
2025-10-17,1092,-5861,8077,142,ghoul
2025-10-17,1093,2302,9130,122,ghoul
2025-10-17,1094,5395,7976,102,ghoul
2025-10-17,1095,1023,7895,120,ghoul
2025-10-17,1096,-4814,8000,148,ghoul
2025-10-17,1097,-3977,9498,127,ghoul
2025-10-17,1098,1534,9631,153,ghoul
2025-10-17,1099,8720,7950,81,ghoul
2025-10-17,1100,5720,8923,108,ghoul
2025-10-17,1101,-326,8406,117,ghoul
2025-10-18,1088,2093,7929,97,ghoul
2025-10-18,1089,837,8116,114,ghoul
2025-10-18,1090,1465,8141,110,ghoul
2025-10-18,1091,976,7543,126,ghoul
2025-10-18,1092,10186,7961,87,ghoul
2025-10-18,1093,-698,7466,146,ghoul
2025-10-18,1094,-3117,7142,137,ghoul
2025-10-18,1095,7348,7563,97,ghoul
2025-10-18,1096,2232,7678,118,ghoul
2025-10-18,1097,-2187,8790,131,ghoul
2025-10-18,1098,2372,6806,136,ghoul
2025-10-18,1099,-2233,7128,113,ghoul
2025-10-18,1100,1953,7846,98,ghoul
2025-10-18,1101,-2140,5655,145,ghoul
2025-10-19,1088,325,8190,115,ghoul
2025-10-19,1089,8372,8967,138,ghoul
2025-10-19,1090,6511,7380,115,ghoul
2025-10-19,1091,-5512,7426,177,ghoul
2025-10-19,1092,1395,5494,137,ghoul
2025-10-19,1093,-373,7537,135,ghoul
2025-10-19,1094,2372,7717,131,ghoul
2025-10-19,1095,6232,7145,117,ghoul
2025-10-19,1096,-3907,7726,138,ghoul
2025-10-19,1097,-4931,7106,162,ghoul
2025-10-19,1098,2139,6847,156,ghoul
2025-10-19,1099,2744,7922,103,ghoul
2025-10-19,1100,465,7765,121,ghoul
2025-10-19,1101,-3535,7709,164,ghoul
2025-10-20,1088,-2280,7534,135,ghoul
2025-10-20,1089,-2094,3746,150,ghoul
2025-10-20,1090,-2884,5748,128,ghoul
2025-10-20,1091,-4117,5783,165,ghoul
2025-10-20,1092,3348,6142,128,ghoul
2025-10-20,1093,-1489,5941,145,ghoul
2025-10-20,1094,581,6442,119,ghoul
2025-10-20,1095,-3303,3988,160,ghoul
2025-10-20,1096,2186,5474,119,ghoul
2025-10-20,1097,-2233,7999,114,ghoul
2025-10-20,1098,-2559,4160,143,ghoul
2025-10-20,1099,-2373,3909,163,ghoul
2025-10-20,1100,-233,6907,105,ghoul
2025-10-20,1101,-5721,6522,181,ghoul
